"Histogram","PWDR kk_4"
"Instparm: Type","PXC"
"Instparm: Bank",      1.00
"Instparm: Lam1",      1.54
"Instparm: Lam2",      1.54
"Instparm: Zero",  0.000000
"Instparm: Polariz.",      0.70
"Instparm: Azimuth",      0.00
"Instparm: I(L2)/I(L1)",      0.50
"Instparm: U",      2.00
"Instparm: V",     -2.00
"Instparm: W",      5.00
"Instparm: X",      0.00
"Instparm: Y",      0.00
"Instparm: Z",      0.00
"Instparm: SH/L",      0.00
"Instparm: Source","CuKa"
"Samparm: InstrName",
"Samparm: Scale",      1.00
"Samparm: Type",Bragg-Brentano
"Samparm: DisplaceX",      0.00
"Samparm: DisplaceY",      0.00
"Samparm: Temperature",    300.00
"Samparm: Pressure",      0.10
"Samparm: Time",      0.00
"Samparm: Gonio. radius",    200.00
"Samparm: Omega",      0.00
"Samparm: Chi",      0.00
"Samparm: Phi",      0.00
"Samparm: Azimuth",      0.00
"Samparm: Shift",      0.00
"Samparm: Transparency",      0.00
"Samparm: SurfRoughA",      0.00
"Samparm: SurfRoughB",      0.00
"x","y_obs","weight","y_calc","y_bkg","Q"
5,0,1,0,0,0.355816
5.002,0,1,0,0,0.355958
5.004,0,1,0,0,0.3561
5.006,0,1,0,0,0.356242
5.008,0,1,0,0,0.356385
5.01,0,1,0,0,0.356527
5.012,0,1,0,0,0.356669
5.01401,0,1,0,0,0.356812
5.01601,0,1,0,0,0.356954
5.01801,0,1,0,0,0.357096
5.02001,0,1,0,0,0.357238
5.02201,0,1,0,0,0.357381
5.02401,0,1,0,0,0.357523
5.02601,0,1,0,0,0.357665
5.02801,0,1,0,0,0.357808
5.03001,0,1,0,0,0.35795
5.03201,0,1,0,0,0.358092
5.03401,0,1,0,0,0.358234
5.03601,0,1,0,0,0.358377
5.03802,0,1,0,0,0.358519
5.04002,0,1,0,0,0.358661
5.04202,0,1,0,0,0.358804
5.04402,0,1,0,0,0.358946
5.04602,0,1,0,0,0.359088
5.04802,0,1,0,0,0.359231
5.05002,0,1,0,0,0.359373
5.05202,0,1,0,0,0.359515
5.05402,0,1,0,0,0.359657
5.05602,0,1,0,0,0.3598
5.05802,0,1,0,0,0.359942
5.06002,0,1,0,0,0.360084
5.06202,0,1,0,0,0.360227
5.06403,0,1,0,0,0.360369
5.06603,0,1,0,0,0.360511
5.06803,0,1,0,0,0.360653
5.07003,0,1,0,0,0.360796
5.07203,0,1,0,0,0.360938
5.07403,0,1,0,0,0.36108
5.07603,0,1,0,0,0.361223
5.07803,0,1,0,0,0.361365
5.08003,0,1,0,0,0.361507
5.08203,0,1,0,0,0.361649
5.08403,0,1,0,0,0.361792
5.08603,0,1,0,0,0.361934
5.08804,0,1,0,0,0.362076
5.09004,0,1,0,0,0.362219
5.09204,0,1,0,0,0.362361
5.09404,0,1,0,0,0.362503
5.09604,0,1,0,0,0.362645
5.09804,0,1,0,0,0.362788
5.10004,0,1,0,0,0.36293
5.10204,0,1,0,0,0.363072
5.10404,0,1,0,0,0.363215
5.10604,0,1,0,0,0.363357
5.10804,0,1,0,0,0.363499
5.11004,0,1,0,0,0.363641
5.11204,0,1,0,0,0.363784
5.11405,0,1,0,0,0.363926
5.11605,0,1,0,0,0.364068
5.11805,0,1,0,0,0.364211
5.12005,0,1,0,0,0.364353
5.12205,0,1,0,0,0.364495
5.12405,0,1,0,0,0.364637
5.12605,0,1,0,0,0.36478
5.12805,0,1,0,0,0.364922
5.13005,0,1,0,0,0.365064
5.13205,0,1,0,0,0.365207
5.13405,0,1,0,0,0.365349
5.13605,0,1,0,0,0.365491
5.13806,0,1,0,0,0.365633
5.14006,0,1,0,0,0.365776
5.14206,0,1,0,0,0.365918
5.14406,0,1,0,0,0.36606
5.14606,0,1,0,0,0.366203
5.14806,0,1,0,0,0.366345
5.15006,0,1,0,0,0.366487
5.15206,0,1,0,0,0.366629
5.15406,0,1,0,0,0.366772
5.15606,0,1,0,0,0.366914
5.15806,0,1,0,0,0.367056
5.16006,0,1,0,0,0.367199
5.16206,0,1,0,0,0.367341
5.16407,0,1,0,0,0.367483
5.16607,0,1,0,0,0.367625
5.16807,0,1,0,0,0.367768
5.17007,0,1,0,0,0.36791
5.17207,0,1,0,0,0.368052
5.17407,0,1,0,0,0.368195
5.17607,0,1,0,0,0.368337
5.17807,0,1,0,0,0.368479
5.18007,0,1,0,0,0.368621
5.18207,0,1,0,0,0.368764
5.18407,0,1,0,0,0.368906
5.18607,0,1,0,0,0.369048
5.18808,0,1,0,0,0.369191
5.19008,0,1,0,0,0.369333
5.19208,0,1,0,0,0.369475
5.19408,0,1,0,0,0.369617
5.19608,0,1,0,0,0.36976
5.19808,0,1,0,0,0.369902
5.20008,0,1,0,0,0.370044
5.20208,0,1,0,0,0.370187
5.20408,0,1,0,0,0.370329
5.20608,0,1,0,0,0.370471
5.20808,0,1,0,0,0.370613
5.21008,0,1,0,0,0.370756
5.21208,0,1,0,0,0.370898
5.21409,0,1,0,0,0.37104
5.21609,0,1,0,0,0.371183
5.21809,0,1,0,0,0.371325
5.22009,0,1,0,0,0.371467
5.22209,0,1,0,0,0.371609
5.22409,0,1,0,0,0.371752
5.22609,0,1,0,0,0.371894
5.22809,0,1,0,0,0.372036
5.23009,0,1,0,0,0.372178
5.23209,0,1,0,0,0.372321
5.23409,0,1,0,0,0.372463
5.23609,0,1,0,0,0.372605
5.2381,0,1,0,0,0.372748
5.2401,0,1,0,0,0.37289
5.2421,0,1,0,0,0.373032
5.2441,0,1,0,0,0.373174
5.2461,0,1,0,0,0.373317
5.2481,0,1,0,0,0.373459
5.2501,0,1,0,0,0.373601
5.2521,0,1,0,0,0.373744
5.2541,0,1,0,0,0.373886
5.2561,0,1,0,0,0.374028
5.2581,0,1,0,0,0.37417
5.2601,0,1,0,0,0.374313
5.2621,0,1,0,0,0.374455
5.26411,0,1,0,0,0.374597
5.26611,0,1,0,0,0.374739
5.26811,0,1,0,0,0.374882
5.27011,0,1,0,0,0.375024
5.27211,0,1,0,0,0.375166
5.27411,0,1,0,0,0.375309
5.27611,0,1,0,0,0.375451
5.27811,0,1,0,0,0.375593
5.28011,0,1,0,0,0.375735
5.28211,0,1,0,0,0.375878
5.28411,0,1,0,0,0.37602
5.28611,0,1,0,0,0.376162
5.28812,0,1,0,0,0.376305
5.29012,0,1,0,0,0.376447
5.29212,0,1,0,0,0.376589
5.29412,0,1,0,0,0.376731
5.29612,0,1,0,0,0.376874
5.29812,0,1,0,0,0.377016
5.30012,0,1,0,0,0.377158
5.30212,0,1,0,0,0.3773
5.30412,0,1,0,0,0.377443
5.30612,0,1,0,0,0.377585
5.30812,0,1,0,0,0.377727
5.31012,0,1,0,0,0.37787
5.31212,0,1,0,0,0.378012
5.31413,0,1,0,0,0.378154
5.31613,0,1,0,0,0.378296
5.31813,0,1,0,0,0.378439
5.32013,0,1,0,0,0.378581
5.32213,0,1,0,0,0.378723
5.32413,0,1,0,0,0.378866
5.32613,0,1,0,0,0.379008
5.32813,0,1,0,0,0.37915
5.33013,0,1,0,0,0.379292
5.33213,0,1,0,0,0.379435
5.33413,0,1,0,0,0.379577
5.33613,0,1,0,0,0.379719
5.33814,0,1,0,0,0.379861
5.34014,0,1,0,0,0.380004
5.34214,0,1,0,0,0.380146
5.34414,0,1,0,0,0.380288
5.34614,0,1,0,0,0.380431
5.34814,0,1,0,0,0.380573
5.35014,0,1,0,0,0.380715
5.35214,0,1,0,0,0.380857
5.35414,0,1,0,0,0.381
5.35614,0,1,0,0,0.381142
5.35814,0,1,0,0,0.381284
5.36014,0,1,0,0,0.381426
5.36214,0,1,0,0,0.381569
5.36415,0,1,0,0,0.381711
5.36615,0,1,0,0,0.381853
5.36815,0,1,0,0,0.381996
5.37015,0,1,0,0,0.382138
5.37215,0,1,0,0,0.38228
5.37415,0,1,0,0,0.382422
5.37615,0,1,0,0,0.382565
5.37815,0,1,0,0,0.382707
5.38015,0,1,0,0,0.382849
5.38215,0,1,0,0,0.382991
5.38415,0,1,0,0,0.383134
5.38615,0,1,0,0,0.383276
5.38816,0,1,0,0,0.383418
5.39016,0,1,0,0,0.383561
5.39216,0,1,0,0,0.383703
5.39416,0,1,0,0,0.383845
5.39616,0,1,0,0,0.383987
5.39816,0,1,0,0,0.38413
5.40016,0,1,0,0,0.384272
5.40216,0,1,0,0,0.384414
5.40416,0,1,0,0,0.384556
5.40616,0,1,0,0,0.384699
5.40816,0,1,0,0,0.384841
5.41016,0,1,0,0,0.384983
5.41216,0,1,0,0,0.385125
5.41417,0,1,0,0,0.385268
5.41617,0,1,0,0,0.38541
5.41817,0,1,0,0,0.385552
5.42017,0,1,0,0,0.385695
5.42217,0,1,0,0,0.385837
5.42417,0,1,0,0,0.385979
5.42617,0,1,0,0,0.386121
5.42817,0,1,0,0,0.386264
5.43017,0,1,0,0,0.386406
5.43217,0,1,0,0,0.386548
5.43417,0,1,0,0,0.38669
5.43617,0,1,0,0,0.386833
5.43818,0,1,0,0,0.386975
5.44018,0,1,0,0,0.387117
5.44218,0,1,0,0,0.38726
5.44418,0,1,0,0,0.387402
5.44618,0,1,0,0,0.387544
5.44818,0,1,0,0,0.387686
5.45018,0,1,0,0,0.387829
5.45218,0,1,0,0,0.387971
5.45418,0,1,0,0,0.388113
5.45618,0,1,0,0,0.388255
5.45818,0,1,0,0,0.388398
5.46018,0,1,0,0,0.38854
5.46218,0,1,0,0,0.388682
5.46419,0,1,0,0,0.388824
5.46619,0,1,0,0,0.388967
5.46819,0,1,0,0,0.389109
5.47019,0,1,0,0,0.389251
5.47219,0,1,0,0,0.389394
5.47419,0,1,0,0,0.389536
5.47619,0,1,0,0,0.389678
5.47819,0,1,0,0,0.38982
5.48019,0,1,0,0,0.389963
5.48219,0,1,0,0,0.390105
5.48419,0,1,0,0,0.390247
5.48619,0,1,0,0,0.390389
5.4882,0,1,0,0,0.390532
5.4902,0,1,0,0,0.390674
5.4922,0,1,0,0,0.390816
5.4942,0,1,0,0,0.390958
5.4962,0,1,0,0,0.391101
5.4982,0,1,0,0,0.391243
5.5002,0,1,0,0,0.391385
5.5022,0,1,0,0,0.391527
5.5042,0,1,0,0,0.39167
5.5062,0,1,0,0,0.391812
5.5082,0,1,0,0,0.391954
5.5102,0,1,0,0,0.392097
5.5122,0,1,0,0,0.392239
5.51421,0,1,0,0,0.392381
5.51621,0,1,0,0,0.392523
5.51821,0,1,0,0,0.392666
5.52021,0,1,0,0,0.392808
5.52221,0,1,0,0,0.39295
5.52421,0,1,0,0,0.393092
5.52621,0,1,0,0,0.393235
5.52821,0,1,0,0,0.393377
5.53021,0,1,0,0,0.393519
5.53221,0,1,0,0,0.393661
5.53421,0,1,0,0,0.393804
5.53621,0,1,0,0,0.393946
5.53822,0,1,0,0,0.394088
5.54022,0,1,0,0,0.39423
5.54222,0,1,0,0,0.394373
5.54422,0,1,0,0,0.394515
5.54622,0,1,0,0,0.394657
5.54822,0,1,0,0,0.3948
5.55022,0,1,0,0,0.394942
5.55222,0,1,0,0,0.395084
5.55422,0,1,0,0,0.395226
5.55622,0,1,0,0,0.395369
5.55822,0,1,0,0,0.395511
5.56022,0,1,0,0,0.395653
5.56222,0,1,0,0,0.395795
5.56423,0,1,0,0,0.395938
5.56623,0,1,0,0,0.39608
5.56823,0,1,0,0,0.396222
5.57023,0,1,0,0,0.396364
5.57223,0,1,0,0,0.396507
5.57423,0,1,0,0,0.396649
5.57623,0,1,0,0,0.396791
5.57823,0,1,0,0,0.396933
5.58023,0,1,0,0,0.397076
5.58223,0,1,0,0,0.397218
5.58423,0,1,0,0,0.39736
5.58623,0,1,0,0,0.397502
5.58824,0,1,0,0,0.397645
5.59024,0,1,0,0,0.397787
5.59224,0,1,0,0,0.397929
5.59424,0,1,0,0,0.398072
5.59624,0,1,0,0,0.398214
5.59824,0,1,0,0,0.398356
5.60024,0,1,0,0,0.398498
5.60224,0,1,0,0,0.398641
5.60424,0,1,0,0,0.398783
5.60624,0,1,0,0,0.398925
5.60824,0,1,0,0,0.399067
5.61024,0,1,0,0,0.39921
5.61224,0,1,0,0,0.399352
5.61425,0,1,0,0,0.399494
5.61625,0,1,0,0,0.399636
5.61825,0,1,0,0,0.399779
5.62025,0,1,0,0,0.399921
5.62225,0,1,0,0,0.400063
5.62425,0,1,0,0,0.400205
5.62625,0,1,0,0,0.400348
5.62825,0,1,0,0,0.40049
5.63025,0,1,0,0,0.400632
5.63225,0,1,0,0,0.400774
5.63425,0,1,0,0,0.400917
5.63625,0,1,0,0,0.401059
5.63826,0,1,0,0,0.401201
5.64026,0,1,0,0,0.401343
5.64226,0,1,0,0,0.401486
5.64426,0,1,0,0,0.401628
5.64626,0,1,0,0,0.40177
5.64826,0,1,0,0,0.401912
5.65026,0,1,0,0,0.402055
5.65226,0,1,0,0,0.402197
5.65426,0,1,0,0,0.402339
5.65626,0,1,0,0,0.402481
5.65826,0,1,0,0,0.402624
5.66026,0,1,0,0,0.402766
5.66226,0,1,0,0,0.402908
5.66427,0,1,0,0,0.40305
5.66627,0,1,0,0,0.403193
5.66827,0,1,0,0,0.403335
5.67027,0,1,0,0,0.403477
5.67227,0,1,0,0,0.40362
5.67427,0,1,0,0,0.403762
5.67627,0,1,0,0,0.403904
5.67827,0,1,0,0,0.404046
5.68027,0,1,0,0,0.404189
5.68227,0,1,0,0,0.404331
5.68427,0,1,0,0,0.404473
5.68627,0,1,0,0,0.404615
5.68828,0,1,0,0,0.404758
5.69028,0,1,0,0,0.4049
5.69228,0,1,0,0,0.405042
5.69428,0,1,0,0,0.405184
5.69628,0,1,0,0,0.405327
5.69828,0,1,0,0,0.405469
5.70028,0,1,0,0,0.405611
5.70228,0,1,0,0,0.405753
5.70428,0,1,0,0,0.405896
5.70628,0,1,0,0,0.406038
5.70828,0,1,0,0,0.40618
5.71028,0,1,0,0,0.406322
5.71228,0,1,0,0,0.406465
5.71429,0,1,0,0,0.406607
5.71629,0,1,0,0,0.406749
5.71829,0,1,0,0,0.406891
5.72029,0,1,0,0,0.407034
5.72229,0,1,0,0,0.407176
5.72429,0,1,0,0,0.407318
5.72629,0,1,0,0,0.40746
5.72829,0,1,0,0,0.407603
5.73029,0,1,0,0,0.407745
5.73229,0,1,0,0,0.407887
5.73429,0,1,0,0,0.408029
5.73629,0,1,0,0,0.408172
5.7383,0,1,0,0,0.408314
5.7403,0,1,0,0,0.408456
5.7423,0,1,0,0,0.408598
5.7443,0,1,0,0,0.408741
5.7463,0,1,0,0,0.408883
5.7483,0,1,0,0,0.409025
5.7503,0,1,0,0,0.409167
5.7523,0,1,0,0,0.40931
5.7543,0,1,0,0,0.409452
5.7563,0,1,0,0,0.409594
5.7583,0,1,0,0,0.409736
5.7603,0,1,0,0,0.409879
5.7623,0,1,0,0,0.410021
5.76431,0,1,0,0,0.410163
5.76631,0,1,0,0,0.410305
5.76831,0,1,0,0,0.410448
5.77031,0,1,0,0,0.41059
5.77231,0,1,0,0,0.410732
5.77431,0,1,0,0,0.410874
5.77631,0,1,0,0,0.411017
5.77831,0,1,0,0,0.411159
5.78031,0,1,0,0,0.411301
5.78231,0,1,0,0,0.411443
5.78431,0,1,0,0,0.411586
5.78631,0,1,0,0,0.411728
5.78832,0,1,0,0,0.41187
5.79032,0,1,0,0,0.412012
5.79232,0,1,0,0,0.412155
5.79432,0,1,0,0,0.412297
5.79632,0,1,0,0,0.412439
5.79832,0,1,0,0,0.412581
5.80032,0,1,0,0,0.412724
5.80232,0,1,0,0,0.412866
5.80432,0,1,0,0,0.413008
5.80632,0,1,0,0,0.41315
5.80832,0,1,0,0,0.413292
5.81032,0,1,0,0,0.413435
5.81232,0,1,0,0,0.413577
5.81433,0,1,0,0,0.413719
5.81633,0,1,0,0,0.413861
5.81833,0,1,0,0,0.414004
5.82033,0,1,0,0,0.414146
5.82233,0,1,0,0,0.414288
5.82433,0,1,0,0,0.41443
5.82633,0,1,0,0,0.414573
5.82833,0,1,0,0,0.414715
5.83033,0,1,0,0,0.414857
5.83233,0,1,0,0,0.414999
5.83433,0,1,0,0,0.415142
5.83633,0,1,0,0,0.415284
5.83834,0,1,0,0,0.415426
5.84034,0,1,0,0,0.415568
5.84234,0,1,0,0,0.415711
5.84434,0,1,0,0,0.415853
5.84634,0,1,0,0,0.415995
5.84834,0,1,0,0,0.416137
5.85034,0,1,0,0,0.41628
5.85234,0,1,0,0,0.416422
5.85434,0,1,0,0,0.416564
5.85634,0,1,0,0,0.416706
5.85834,0,1,0,0,0.416849
5.86034,0,1,0,0,0.416991
5.86234,0,1,0,0,0.417133
5.86435,0,1,0,0,0.417275
5.86635,0,1,0,0,0.417418
5.86835,0,1,0,0,0.41756
5.87035,0,1,0,0,0.417702
5.87235,0,1,0,0,0.417844
5.87435,0,1,0,0,0.417987
5.87635,0,1,0,0,0.418129
5.87835,0,1,0,0,0.418271
5.88035,0,1,0,0,0.418413
5.88235,0,1,0,0,0.418555
5.88435,0,1,0,0,0.418698
5.88635,0,1,0,0,0.41884
5.88836,0,1,0,0,0.418982
5.89036,0,1,0,0,0.419124
5.89236,0,1,0,0,0.419267
5.89436,0,1,0,0,0.419409
5.89636,0,1,0,0,0.419551
5.89836,0,1,0,0,0.419693
5.90036,0,1,0,0,0.419836
5.90236,0,1,0,0,0.419978
5.90436,0,1,0,0,0.42012
5.90636,0,1,0,0,0.420262
5.90836,0,1,0,0,0.420405
5.91036,0,1,0,0,0.420547
5.91236,0,1,0,0,0.420689
5.91437,0,1,0,0,0.420831
5.91637,0,1,0,0,0.420974
5.91837,0,1,0,0,0.421116
5.92037,0,1,0,0,0.421258
5.92237,0,1,0,0,0.4214
5.92437,0,1,0,0,0.421543
5.92637,0,1,0,0,0.421685
5.92837,0,1,0,0,0.421827
5.93037,0,1,0,0,0.421969
5.93237,0,1,0,0,0.422111
5.93437,0,1,0,0,0.422254
5.93637,0,1,0,0,0.422396
5.93838,0,1,0,0,0.422538
5.94038,0,1,0,0,0.42268
5.94238,0,1,0,0,0.422823
5.94438,0,1,0,0,0.422965
5.94638,0,1,0,0,0.423107
5.94838,0,1,0,0,0.423249
5.95038,0,1,0,0,0.423392
5.95238,0,1,0,0,0.423534
5.95438,0,1,0,0,0.423676
5.95638,0,1,0,0,0.423818
5.95838,0,1,0,0,0.423961
5.96038,0,1,0,0,0.424103
5.96238,0,1,0,0,0.424245
5.96439,0,1,0,0,0.424387
5.96639,0,1,0,0,0.424529
5.96839,0,1,0,0,0.424672
5.97039,0,1,0,0,0.424814
5.97239,0,1,0,0,0.424956
5.97439,0,1,0,0,0.425098
5.97639,0,1,0,0,0.425241
5.97839,0,1,0,0,0.425383
5.98039,0,1,0,0,0.425525
5.98239,0,1,0,0,0.425667
5.98439,0,1,0,0,0.42581
5.98639,0,1,0,0,0.425952
5.9884,0,1,0,0,0.426094
5.9904,0,1,0,0,0.426236
5.9924,0,1,0,0,0.426379
5.9944,0,1,0,0,0.426521
5.9964,0,1,0,0,0.426663
5.9984,0,1,0,0,0.426805
6.0004,0,1,0,0,0.426947
6.0024,0,1,0,0,0.42709
6.0044,0,1,0,0,0.427232
6.0064,0,1,0,0,0.427374
6.0084,0,1,0,0,0.427516
6.0104,0,1,0,0,0.427659
6.0124,0,1,0,0,0.427801
6.01441,0,1,0,0,0.427943
6.01641,0,1,0,0,0.428085
6.01841,0,1,0,0,0.428228
6.02041,0,1,0,0,0.42837
6.02241,0,1,0,0,0.428512
6.02441,0,1,0,0,0.428654
6.02641,0,1,0,0,0.428796
6.02841,0,1,0,0,0.428939
6.03041,0,1,0,0,0.429081
6.03241,0,1,0,0,0.429223
6.03441,0,1,0,0,0.429365
6.03641,0,1,0,0,0.429508
6.03842,0,1,0,0,0.42965
6.04042,0,1,0,0,0.429792
6.04242,0,1,0,0,0.429934
6.04442,0,1,0,0,0.430077
6.04642,0,1,0,0,0.430219
6.04842,0,1,0,0,0.430361
6.05042,0,1,0,0,0.430503
6.05242,0,1,0,0,0.430645
6.05442,0,1,0,0,0.430788
6.05642,0,1,0,0,0.43093
6.05842,0,1,0,0,0.431072
6.06042,0,1,0,0,0.431214
6.06242,0,1,0,0,0.431357
6.06443,0,1,0,0,0.431499
6.06643,0,1,0,0,0.431641
6.06843,0,1,0,0,0.431783
6.07043,0,1,0,0,0.431926
6.07243,0,1,0,0,0.432068
6.07443,0,1,0,0,0.43221
6.07643,0,1,0,0,0.432352
6.07843,0,1,0,0,0.432494
6.08043,0,1,0,0,0.432637
6.08243,0,1,0,0,0.432779
6.08443,0,1,0,0,0.432921
6.08643,0,1,0,0,0.433063
6.08844,0,1,0,0,0.433206
6.09044,0,1,0,0,0.433348
6.09244,0,1,0,0,0.43349
6.09444,0,1,0,0,0.433632
6.09644,0,1,0,0,0.433775
6.09844,0,1,0,0,0.433917
6.10044,0,1,0,0,0.434059
6.10244,0,1,0,0,0.434201
6.10444,0,1,0,0,0.434343
6.10644,0,1,0,0,0.434486
6.10844,0,1,0,0,0.434628
6.11044,0,1,0,0,0.43477
6.11244,0,1,0,0,0.434912
6.11445,0,1,0,0,0.435055
6.11645,0,1,0,0,0.435197
6.11845,0,1,0,0,0.435339
6.12045,0,1,0,0,0.435481
6.12245,0,1,0,0,0.435623
6.12445,0,1,0,0,0.435766
6.12645,0,1,0,0,0.435908
6.12845,0,1,0,0,0.43605
6.13045,0,1,0,0,0.436192
6.13245,0,1,0,0,0.436335
6.13445,0,1,0,0,0.436477
6.13645,0,1,0,0,0.436619
6.13846,0,1,0,0,0.436761
6.14046,0,1,0,0,0.436903
6.14246,0,1,0,0,0.437046
6.14446,0,1,0,0,0.437188
6.14646,0,1,0,0,0.43733
6.14846,0,1,0,0,0.437472
6.15046,0,1,0,0,0.437615
6.15246,0,1,0,0,0.437757
6.15446,0,1,0,0,0.437899
6.15646,0,1,0,0,0.438041
6.15846,0,1,0,0,0.438183
6.16046,0,1,0,0,0.438326
6.16246,0,1,0,0,0.438468
6.16447,0,1,0,0,0.43861
6.16647,0,1,0,0,0.438752
6.16847,0,1,0,0,0.438895
6.17047,0,1,0,0,0.439037
6.17247,0,1,0,0,0.439179
6.17447,0,1,0,0,0.439321
6.17647,0,1,0,0,0.439463
6.17847,0,1,0,0,0.439606
6.18047,0,1,0,0,0.439748
6.18247,0,1,0,0,0.43989
6.18447,0,1,0,0,0.440032
6.18647,0,1,0,0,0.440175
6.18848,0,1,0,0,0.440317
6.19048,0,1,0,0,0.440459
6.19248,0,1,0,0,0.440601
6.19448,0,1,0,0,0.440743
6.19648,0,1,0,0,0.440886
6.19848,0,1,0,0,0.441028
6.20048,0,1,0,0,0.44117
6.20248,0,1,0,0,0.441312
6.20448,0,1,0,0,0.441455
6.20648,0,1,0,0,0.441597
6.20848,0,1,0,0,0.441739
6.21048,0,1,0,0,0.441881
6.21248,0,1,0,0,0.442023
6.21449,0,1,0,0,0.442166
6.21649,0,1,0,0,0.442308
6.21849,0,1,0,0,0.44245
6.22049,0,1,0,0,0.442592
6.22249,0,1,0,0,0.442735
6.22449,0,1,0,0,0.442877
6.22649,0,1,0,0,0.443019
6.22849,0,1,0,0,0.443161
6.23049,0,1,0,0,0.443303
6.23249,0,1,0,0,0.443446
6.23449,0,1,0,0,0.443588
6.23649,0,1,0,0,0.44373
6.2385,0,1,0,0,0.443872
6.2405,0,1,0,0,0.444014
6.2425,0,1,0,0,0.444157
6.2445,0,1,0,0,0.444299
6.2465,0,1,0,0,0.444441
6.2485,0,1,0,0,0.444583
6.2505,0,1,0,0,0.444726
6.2525,0,1,0,0,0.444868
6.2545,0,1,0,0,0.44501
6.2565,0,1,0,0,0.445152
6.2585,0,1,0,0,0.445294
6.2605,0,1,0,0,0.445437
6.26251,0,1,0,0,0.445579
6.26451,0,1,0,0,0.445721
6.26651,0,1,0,0,0.445863
6.26851,0,1,0,0,0.446006
6.27051,0,1,0,0,0.446148
6.27251,0,1,0,0,0.44629
6.27451,0,1,0,0,0.446432
6.27651,0,1,0,0,0.446574
6.27851,0,1,0,0,0.446717
6.28051,0,1,0,0,0.446859
6.28251,0,1,0,0,0.447001
6.28451,0,1,0,0,0.447143
6.28651,0,1,0,0,0.447285
6.28852,0,1,0,0,0.447428
6.29052,0,1,0,0,0.44757
6.29252,0,1,0,0,0.447712
6.29452,0,1,0,0,0.447854
6.29652,0,1,0,0,0.447997
6.29852,0,1,0,0,0.448139
6.30052,0,1,0,0,0.448281
6.30252,0,1,0,0,0.448423
6.30452,0,1,0,0,0.448565
6.30652,0,1,0,0,0.448708
6.30852,0,1,0,0,0.44885
6.31052,0,1,0,0,0.448992
6.31253,0,1,0,0,0.449134
6.31453,0,1,0,0,0.449276
6.31653,0,1,0,0,0.449419
6.31853,0,1,0,0,0.449561
6.32053,0,1,0,0,0.449703
6.32253,0,1,0,0,0.449845
6.32453,0,1,0,0,0.449987
6.32653,0,1,0,0,0.45013
6.32853,0,1,0,0,0.450272
6.33053,0,1,0,0,0.450414
6.33253,0,1,0,0,0.450556
6.33453,0,1,0,0,0.450699
6.33653,0,1,0,0,0.450841
6.33854,0,1,0,0,0.450983
6.34054,0,1,0,0,0.451125
6.34254,0,1,0,0,0.451267
6.34454,0,1,0,0,0.45141
6.34654,0,1,0,0,0.451552
6.34854,0,1,0,0,0.451694
6.35054,0,1,0,0,0.451836
6.35254,0,1,0,0,0.451978
6.35454,0,1,0,0,0.452121
6.35654,0,1,0,0,0.452263
6.35854,0,1,0,0,0.452405
6.36054,0,1,0,0,0.452547
6.36255,0,1,0,0,0.452689
6.36455,0,1,0,0,0.452832
6.36655,0,1,0,0,0.452974
6.36855,0,1,0,0,0.453116
6.37055,0,1,0,0,0.453258
6.37255,0,1,0,0,0.453401
6.37455,0,1,0,0,0.453543
6.37655,0,1,0,0,0.453685
6.37855,0,1,0,0,0.453827
6.38055,0,1,0,0,0.453969
6.38255,0,1,0,0,0.454112
6.38455,0,1,0,0,0.454254
6.38655,0,1,0,0,0.454396
6.38856,0,1,0,0,0.454538
6.39056,0,1,0,0,0.45468
6.39256,0,1,0,0,0.454823
6.39456,0,1,0,0,0.454965
6.39656,0,1,0,0,0.455107
6.39856,0,1,0,0,0.455249
6.40056,0,1,0,0,0.455391
6.40256,0,1,0,0,0.455534
6.40456,0,1,0,0,0.455676
6.40656,0,1,0,0,0.455818
6.40856,0,1,0,0,0.45596
6.41056,0,1,0,0,0.456102
6.41257,0,1,0,0,0.456245
6.41457,0,1,0,0,0.456387
6.41657,0,1,0,0,0.456529
6.41857,0,1,0,0,0.456671
6.42057,0,1,0,0,0.456813
6.42257,0,1,0,0,0.456956
6.42457,0,1,0,0,0.457098
6.42657,0,1,0,0,0.45724
6.42857,0,1,0,0,0.457382
6.43057,0,1,0,0,0.457525
6.43257,0,1,0,0,0.457667
6.43457,0,1,0,0,0.457809
6.43657,0,1,0,0,0.457951
6.43858,0,1,0,0,0.458093
6.44058,0,1,0,0,0.458236
6.44258,0,1,0,0,0.458378
6.44458,0,1,0,0,0.45852
6.44658,0,1,0,0,0.458662
6.44858,0,1,0,0,0.458804
6.45058,0,1,0,0,0.458947
6.45258,0,1,0,0,0.459089
6.45458,0,1,0,0,0.459231
6.45658,0,1,0,0,0.459373
6.45858,0,1,0,0,0.459515
6.46058,0,1,0,0,0.459658
6.46259,0,1,0,0,0.4598
6.46459,0,1,0,0,0.459942
6.46659,0,1,0,0,0.460084
6.46859,0,1,0,0,0.460226
6.47059,0,1,0,0,0.460369
6.47259,0,1,0,0,0.460511
6.47459,0,1,0,0,0.460653
6.47659,0,1,0,0,0.460795
6.47859,0,1,0,0,0.460937
6.48059,0,1,0,0,0.46108
6.48259,0,1,0,0,0.461222
6.48459,0,1,0,0,0.461364
6.48659,0,1,0,0,0.461506
6.4886,0,1,0,0,0.461648
6.4906,0,1,0,0,0.461791
6.4926,0,1,0,0,0.461933
6.4946,0,1,0,0,0.462075
6.4966,0,1,0,0,0.462217
6.4986,0,1,0,0,0.462359
6.5006,0,1,0,0,0.462502
6.5026,0,1,0,0,0.462644
6.5046,0,1,0,0,0.462786
6.5066,0,1,0,0,0.462928
6.5086,0,1,0,0,0.46307
6.5106,0,1,0,0,0.463213
6.51261,0,1,0,0,0.463355
6.51461,0,1,0,0,0.463497
6.51661,0,1,0,0,0.463639
6.51861,0,1,0,0,0.463781
6.52061,0,1,0,0,0.463924
6.52261,0,1,0,0,0.464066
6.52461,0,1,0,0,0.464208
6.52661,0,1,0,0,0.46435
6.52861,0,1,0,0,0.464492
6.53061,0,1,0,0,0.464635
6.53261,0,1,0,0,0.464777
6.53461,0,1,0,0,0.464919
6.53661,0,1,0,0,0.465061
6.53862,0,1,0,0,0.465203
6.54062,0,1,0,0,0.465346
6.54262,0,1,0,0,0.465488
6.54462,0,1,0,0,0.46563
6.54662,0,1,0,0,0.465772
6.54862,0,1,0,0,0.465914
6.55062,0,1,0,0,0.466057
6.55262,0,1,0,0,0.466199
6.55462,0,1,0,0,0.466341
6.55662,0,1,0,0,0.466483
6.55862,0,1,0,0,0.466625
6.56062,0,1,0,0,0.466767
6.56263,0,1,0,0,0.46691
6.56463,0,1,0,0,0.467052
6.56663,0,1,0,0,0.467194
6.56863,0,1,0,0,0.467336
6.57063,0,1,0,0,0.467478
6.57263,0,1,0,0,0.467621
6.57463,0,1,0,0,0.467763
6.57663,0,1,0,0,0.467905
6.57863,0,1,0,0,0.468047
6.58063,0,1,0,0,0.468189
6.58263,0,1,0,0,0.468332
6.58463,0,1,0,0,0.468474
6.58663,0,1,0,0,0.468616
6.58864,0,1,0,0,0.468758
6.59064,0,1,0,0,0.4689
6.59264,0,1,0,0,0.469043
6.59464,0,1,0,0,0.469185
6.59664,0,1,0,0,0.469327
6.59864,0,1,0,0,0.469469
6.60064,0,1,0,0,0.469611
6.60264,0,1,0,0,0.469754
6.60464,0,1,0,0,0.469896
6.60664,0,1,0,0,0.470038
6.60864,0,1,0,0,0.47018
6.61064,0,1,0,0,0.470322
6.61265,0,1,0,0,0.470465
6.61465,0,1,0,0,0.470607
6.61665,0,1,0,0,0.470749
6.61865,0,1,0,0,0.470891
6.62065,0,1,0,0,0.471033
6.62265,0,1,0,0,0.471175
6.62465,0,1,0,0,0.471318
6.62665,0,1,0,0,0.47146
6.62865,0,1,0,0,0.471602
6.63065,0,1,0,0,0.471744
6.63265,0,1,0,0,0.471886
6.63465,0,1,0,0,0.472029
6.63665,0,1,0,0,0.472171
6.63866,0,1,0,0,0.472313
6.64066,0,1,0,0,0.472455
6.64266,0,1,0,0,0.472597
6.64466,0,1,0,0,0.47274
6.64666,0,1,0,0,0.472882
6.64866,0,1,0,0,0.473024
6.65066,0,1,0,0,0.473166
6.65266,0,1,0,0,0.473308
6.65466,0,1,0,0,0.47345
6.65666,0,1,0,0,0.473593
6.65866,0,1,0,0,0.473735
6.66066,0,1,0,0,0.473877
6.66267,0,1,0,0,0.474019
6.66467,0,1,0,0,0.474161
6.66667,0,1,0,0,0.474304
6.66867,0,1,0,0,0.474446
6.67067,0,1,0,0,0.474588
6.67267,0,1,0,0,0.47473
6.67467,0,1,0,0,0.474872
6.67667,0,1,0,0,0.475015
6.67867,0,1,0,0,0.475157
6.68067,0,1,0,0,0.475299
6.68267,0,1,0,0,0.475441
6.68467,0,1,0,0,0.475583
6.68667,0,1,0,0,0.475725
6.68868,0,1,0,0,0.475868
6.69068,0,1,0,0,0.47601
6.69268,0,1,0,0,0.476152
6.69468,0,1,0,0,0.476294
6.69668,0,1,0,0,0.476436
6.69868,0,1,0,0,0.476579
6.70068,0,1,0,0,0.476721
6.70268,0,1,0,0,0.476863
6.70468,0,1,0,0,0.477005
6.70668,0,1,0,0,0.477147
6.70868,0,1,0,0,0.47729
6.71068,0,1,0,0,0.477432
6.71269,0,1,0,0,0.477574
6.71469,0,1,0,0,0.477716
6.71669,0,1,0,0,0.477858
6.71869,0,1,0,0,0.478
6.72069,0,1,0,0,0.478143
6.72269,0,1,0,0,0.478285
6.72469,0,1,0,0,0.478427
6.72669,0,1,0,0,0.478569
6.72869,0,1,0,0,0.478711
6.73069,0,1,0,0,0.478854
6.73269,0,1,0,0,0.478996
6.73469,0,1,0,0,0.479138
6.73669,0,1,0,0,0.47928
6.7387,0,1,0,0,0.479422
6.7407,0,1,0,0,0.479564
6.7427,0,1,0,0,0.479707
6.7447,0,1,0,0,0.479849
6.7467,0,1,0,0,0.479991
6.7487,0,1,0,0,0.480133
6.7507,0,1,0,0,0.480275
6.7527,0,1,0,0,0.480418
6.7547,0,1,0,0,0.48056
6.7567,0,1,0,0,0.480702
6.7587,0,1,0,0,0.480844
6.7607,0,1,0,0,0.480986
6.76271,0,1,0,0,0.481128
6.76471,0,1,0,0,0.481271
6.76671,0,1,0,0,0.481413
6.76871,0,1,0,0,0.481555
6.77071,0,1,0,0,0.481697
6.77271,0,1,0,0,0.481839
6.77471,0,1,0,0,0.481982
6.77671,0,1,0,0,0.482124
6.77871,0,1,0,0,0.482266
6.78071,0,1,0,0,0.482408
6.78271,0,1,0,0,0.48255
6.78471,0,1,0,0,0.482692
6.78671,0,1,0,0,0.482835
6.78872,0,1,0,0,0.482977
6.79072,0,1,0,0,0.483119
6.79272,0,1,0,0,0.483261
6.79472,0,1,0,0,0.483403
6.79672,0,1,0,0,0.483545
6.79872,0,1,0,0,0.483688
6.80072,0,1,0,0,0.48383
6.80272,0,1,0,0,0.483972
6.80472,0,1,0,0,0.484114
6.80672,0,1,0,0,0.484256
6.80872,0,1,0,0,0.484399
6.81072,0,1,0,0,0.484541
6.81273,0,1,0,0,0.484683
6.81473,0,1,0,0,0.484825
6.81673,0,1,0,0,0.484967
6.81873,0,1,0,0,0.485109
6.82073,0,1,0,0,0.485252
6.82273,0,1,0,0,0.485394
6.82473,0,1,0,0,0.485536
6.82673,0,1,0,0,0.485678
6.82873,0,1,0,0,0.48582
6.83073,0,1,0,0,0.485962
6.83273,0,1,0,0,0.486105
6.83473,0,1,0,0,0.486247
6.83673,0,1,0,0,0.486389
6.83874,0,1,0,0,0.486531
6.84074,0,1,0,0,0.486673
6.84274,0,1,0,0,0.486816
6.84474,0,1,0,0,0.486958
6.84674,0,1,0,0,0.4871
6.84874,0,1,0,0,0.487242
6.85074,0,1,0,0,0.487384
6.85274,0,1,0,0,0.487526
6.85474,0,1,0,0,0.487669
6.85674,0,1,0,0,0.487811
6.85874,0,1,0,0,0.487953
6.86074,0,1,0,0,0.488095
6.86275,0,1,0,0,0.488237
6.86475,0,1,0,0,0.488379
6.86675,0,1,0,0,0.488522
6.86875,0,1,0,0,0.488664
6.87075,0,1,0,0,0.488806
6.87275,0,1,0,0,0.488948
6.87475,0,1,0,0,0.48909
6.87675,0,1,0,0,0.489232
6.87875,0,1,0,0,0.489375
6.88075,0,1,0,0,0.489517
6.88275,0,1,0,0,0.489659
6.88475,0,1,0,0,0.489801
6.88675,0,1,0,0,0.489943
6.88876,0,1,0,0,0.490086
6.89076,0,1,0,0,0.490228
6.89276,0,1,0,0,0.49037
6.89476,0,1,0,0,0.490512
6.89676,0,1,0,0,0.490654
6.89876,0,1,0,0,0.490796
6.90076,0,1,0,0,0.490939
6.90276,0,1,0,0,0.491081
6.90476,0,1,0,0,0.491223
6.90676,0,1,0,0,0.491365
6.90876,0,1,0,0,0.491507
6.91076,0,1,0,0,0.491649
6.91277,0,1,0,0,0.491792
6.91477,0,1,0,0,0.491934
6.91677,0,1,0,0,0.492076
6.91877,0,1,0,0,0.492218
6.92077,0,1,0,0,0.49236
6.92277,0,1,0,0,0.492502
6.92477,0,1,0,0,0.492645
6.92677,0,1,0,0,0.492787
6.92877,0,1,0,0,0.492929
6.93077,0,1,0,0,0.493071
6.93277,0,1,0,0,0.493213
6.93477,0,1,0,0,0.493355
6.93677,0,1,0,0,0.493498
6.93878,0,1,0,0,0.49364
6.94078,0,1,0,0,0.493782
6.94278,0,1,0,0,0.493924
6.94478,0,1,0,0,0.494066
6.94678,0,1,0,0,0.494208
6.94878,0,1,0,0,0.494351
6.95078,0,1,0,0,0.494493
6.95278,0,1,0,0,0.494635
6.95478,0,1,0,0,0.494777
6.95678,0,1,0,0,0.494919
6.95878,0,1,0,0,0.495061
6.96078,0,1,0,0,0.495204
6.96279,0,1,0,0,0.495346
6.96479,0,1,0,0,0.495488
6.96679,0,1,0,0,0.49563
6.96879,0,1,0,0,0.495772
6.97079,0,1,0,0,0.495914
6.97279,0,1,0,0,0.496057
6.97479,0,1,0,0,0.496199
6.97679,0,1,0,0,0.496341
6.97879,0,1,0,0,0.496483
6.98079,0,1,0,0,0.496625
6.98279,0,1,0,0,0.496767
6.98479,0,1,0,0,0.49691
6.98679,0,1,0,0,0.497052
6.9888,0,1,0,0,0.497194
6.9908,0,1,0,0,0.497336
6.9928,0,1,0,0,0.497478
6.9948,0,1,0,0,0.49762
6.9968,0,1,0,0,0.497763
6.9988,0,1,0,0,0.497905
7.0008,0,1,0,0,0.498047
7.0028,0,1,0,0,0.498189
7.0048,0,1,0,0,0.498331
7.0068,0,1,0,0,0.498473
7.0088,0,1,0,0,0.498616
7.0108,0,1,0,0,0.498758
7.01281,0,1,0,0,0.4989
7.01481,0,1,0,0,0.499042
7.01681,0,1,0,0,0.499184
7.01881,0,1,0,0,0.499326
7.02081,0,1,0,0,0.499468
7.02281,0,1,0,0,0.499611
7.02481,0,1,0,0,0.499753
7.02681,0,1,0,0,0.499895
7.02881,0,1,0,0,0.500037
7.03081,0,1,0,0,0.500179
7.03281,0,1,0,0,0.500321
7.03481,0,1,0,0,0.500464
7.03681,0,1,0,0,0.500606
7.03882,0,1,0,0,0.500748
7.04082,0,1,0,0,0.50089
7.04282,0,1,0,0,0.501032
7.04482,0,1,0,0,0.501174
7.04682,0,1,0,0,0.501317
7.04882,0,1,0,0,0.501459
7.05082,0,1,0,0,0.501601
7.05282,0,1,0,0,0.501743
7.05482,0,1,0,0,0.501885
7.05682,0,1,0,0,0.502027
7.05882,0,1,0,0,0.50217
7.06082,0,1,0,0,0.502312
7.06283,0,1,0,0,0.502454
7.06483,0,1,0,0,0.502596
7.06683,0,1,0,0,0.502738
7.06883,0,1,0,0,0.50288
7.07083,0,1,0,0,0.503022
7.07283,0,1,0,0,0.503165
7.07483,0,1,0,0,0.503307
7.07683,0,1,0,0,0.503449
7.07883,0,1,0,0,0.503591
7.08083,0,1,0,0,0.503733
7.08283,0,1,0,0,0.503875
7.08483,0,1,0,0,0.504018
7.08683,0,1,0,0,0.50416
7.08884,0,1,0,0,0.504302
7.09084,0,1,0,0,0.504444
7.09284,0,1,0,0,0.504586
7.09484,0,1,0,0,0.504728
7.09684,0,1,0,0,0.50487
7.09884,0,1,0,0,0.505013
7.10084,0,1,0,0,0.505155
7.10284,0,1,0,0,0.505297
7.10484,0,1,0,0,0.505439
7.10684,0,1,0,0,0.505581
7.10884,0,1,0,0,0.505723
7.11084,0,1,0,0,0.505866
7.11285,0,1,0,0,0.506008
7.11485,0,1,0,0,0.50615
7.11685,0,1,0,0,0.506292
7.11885,0,1,0,0,0.506434
7.12085,0,1,0,0,0.506576
7.12285,0,1,0,0,0.506719
7.12485,0,1,0,0,0.506861
7.12685,0,1,0,0,0.507003
7.12885,0,1,0,0,0.507145
7.13085,0,1,0,0,0.507287
7.13285,0,1,0,0,0.507429
7.13485,0,1,0,0,0.507571
7.13685,0,1,0,0,0.507714
7.13886,0,1,0,0,0.507856
7.14086,0,1,0,0,0.507998
7.14286,0,1,0,0,0.50814
7.14486,0,1,0,0,0.508282
7.14686,0,1,0,0,0.508424
7.14886,0,1,0,0,0.508566
7.15086,0,1,0,0,0.508709
7.15286,0,1,0,0,0.508851
7.15486,0,1,0,0,0.508993
7.15686,0,1,0,0,0.509135
7.15886,0,1,0,0,0.509277
7.16086,0,1,0,0,0.509419
7.16287,0,1,0,0,0.509562
7.16487,0,1,0,0,0.509704
7.16687,0,1,0,0,0.509846
7.16887,0,1,0,0,0.509988
7.17087,0,1,0,0,0.51013
7.17287,0,1,0,0,0.510272
7.17487,0,1,0,0,0.510414
7.17687,0,1,0,0,0.510557
7.17887,0,1,0,0,0.510699
7.18087,0,1,0,0,0.510841
7.18287,0,1,0,0,0.510983
7.18487,0,1,0,0,0.511125
7.18687,0,1,0,0,0.511267
7.18888,0,1,0,0,0.511409
7.19088,0,1,0,0,0.511552
7.19288,0,1,0,0,0.511694
7.19488,0,1,0,0,0.511836
7.19688,0,1,0,0,0.511978
7.19888,0,1,0,0,0.51212
7.20088,0,1,0,0,0.512262
7.20288,0,1,0,0,0.512405
7.20488,0,1,0,0,0.512547
7.20688,0,1,0,0,0.512689
7.20888,0,1,0,0,0.512831
7.21088,0,1,0,0,0.512973
7.21289,0,1,0,0,0.513115
7.21489,0,1,0,0,0.513257
7.21689,0,1,0,0,0.5134
7.21889,0,1,0,0,0.513542
7.22089,0,1,0,0,0.513684
7.22289,0,1,0,0,0.513826
7.22489,0,1,0,0,0.513968
7.22689,0,1,0,0,0.51411
7.22889,0,1,0,0,0.514252
7.23089,0,1,0,0,0.514395
7.23289,0,1,0,0,0.514537
7.23489,0,1,0,0,0.514679
7.23689,0,1,0,0,0.514821
7.2389,0,1,0,0,0.514963
7.2409,0,1,0,0,0.515105
7.2429,0,1,0,0,0.515247
7.2449,0,1,0,0,0.51539
7.2469,0,1,0,0,0.515532
7.2489,0,1,0,0,0.515674
7.2509,0,1,0,0,0.515816
7.2529,0,1,0,0,0.515958
7.2549,0,1,0,0,0.5161
7.2569,0,1,0,0,0.516242
7.2589,0,1,0,0,0.516385
7.2609,0,1,0,0,0.516527
7.26291,0,1,0,0,0.516669
7.26491,0,1,0,0,0.516811
7.26691,0,1,0,0,0.516953
7.26891,0,1,0,0,0.517095
7.27091,0,1,0,0,0.517237
7.27291,0,1,0,0,0.51738
7.27491,0,1,0,0,0.517522
7.27691,0,1,0,0,0.517664
7.27891,0,1,0,0,0.517806
7.28091,0,1,0,0,0.517948
7.28291,0,1,0,0,0.51809
7.28491,0,1,0,0,0.518232
7.28691,0,1,0,0,0.518375
7.28892,0,1,0,0,0.518517
7.29092,0,1,0,0,0.518659
7.29292,0,1,0,0,0.518801
7.29492,0,1,0,0,0.518943
7.29692,0,1,0,0,0.519085
7.29892,0,1,0,0,0.519227
7.30092,0,1,0,0,0.51937
7.30292,0,1,0,0,0.519512
7.30492,0,1,0,0,0.519654
7.30692,0,1,0,0,0.519796
7.30892,0,1,0,0,0.519938
7.31092,0,1,0,0,0.52008
7.31293,0,1,0,0,0.520222
7.31493,0,1,0,0,0.520364
7.31693,0,1,0,0,0.520507
7.31893,0,1,0,0,0.520649
7.32093,0,1,0,0,0.520791
7.32293,0,1,0,0,0.520933
7.32493,0,1,0,0,0.521075
7.32693,0,1,0,0,0.521217
7.32893,0,1,0,0,0.521359
7.33093,0,1,0,0,0.521502
7.33293,0,1,0,0,0.521644
7.33493,0,1,0,0,0.521786
7.33693,0,1,0,0,0.521928
7.33894,0,1,0,0,0.52207
7.34094,0,1,0,0,0.522212
7.34294,0,1,0,0,0.522354
7.34494,0,1,0,0,0.522497
7.34694,0,1,0,0,0.522639
7.34894,0,1,0,0,0.522781
7.35094,0,1,0,0,0.522923
7.35294,0,1,0,0,0.523065
7.35494,0,1,0,0,0.523207
7.35694,0,1,0,0,0.523349
7.35894,0,1,0,0,0.523492
7.36094,0,1,0,0,0.523634
7.36295,0,1,0,0,0.523776
7.36495,0,1,0,0,0.523918
7.36695,0,1,0,0,0.52406
7.36895,0,1,0,0,0.524202
7.37095,0,1,0,0,0.524344
7.37295,0,1,0,0,0.524486
7.37495,0,1,0,0,0.524629
7.37695,0,1,0,0,0.524771
7.37895,0,1,0,0,0.524913
7.38095,0,1,0,0,0.525055
7.38295,0,1,0,0,0.525197
7.38495,0,1,0,0,0.525339
7.38695,0,1,0,0,0.525481
7.38896,0,1,0,0,0.525624
7.39096,0,1,0,0,0.525766
7.39296,0,1,0,0,0.525908
7.39496,0,1,0,0,0.52605
7.39696,0,1,0,0,0.526192
7.39896,0,1,0,0,0.526334
7.40096,0,1,0,0,0.526476
7.40296,0,1,0,0,0.526618
7.40496,0,1,0,0,0.526761
7.40696,0,1,0,0,0.526903
7.40896,0,1,0,0,0.527045
7.41096,0,1,0,0,0.527187
7.41297,0,1,0,0,0.527329
7.41497,0,1,0,0,0.527471
7.41697,0,1,0,0,0.527613
7.41897,0,1,0,0,0.527755
7.42097,0,1,0,0,0.527898
7.42297,0,1,0,0,0.52804
7.42497,0,1,0,0,0.528182
7.42697,0,1,0,0,0.528324
7.42897,0,1,0,0,0.528466
7.43097,0,1,0,0,0.528608
7.43297,0,1,0,0,0.52875
7.43497,0,1,0,0,0.528893
7.43697,0,1,0,0,0.529035
7.43898,0,1,0,0,0.529177
7.44098,0,1,0,0,0.529319
7.44298,0,1,0,0,0.529461
7.44498,0,1,0,0,0.529603
7.44698,0,1,0,0,0.529745
7.44898,0,1,0,0,0.529887
7.45098,0,1,0,0,0.53003
7.45298,0,1,0,0,0.530172
7.45498,0,1,0,0,0.530314
7.45698,0,1,0,0,0.530456
7.45898,0,1,0,0,0.530598
7.46098,0,1,0,0,0.53074
7.46299,0,1,0,0,0.530882
7.46499,0,1,0,0,0.531024
7.46699,0,1,0,0,0.531167
7.46899,0,1,0,0,0.531309
7.47099,0,1,0,0,0.531451
7.47299,0,1,0,0,0.531593
7.47499,0,1,0,0,0.531735
7.47699,0,1,0,0,0.531877
7.47899,0,1,0,0,0.532019
7.48099,0,1,0,0,0.532161
7.48299,0,1,0,0,0.532304
7.48499,0,1,0,0,0.532446
7.48699,0,1,0,0,0.532588
7.489,0,1,0,0,0.53273
7.491,0,1,0,0,0.532872
7.493,0,1,0,0,0.533014
7.495,0,1,0,0,0.533156
7.497,0,1,0,0,0.533298
7.499,0,1,0,0,0.533441
7.501,0,1,0,0,0.533583
7.503,0,1,0,0,0.533725
7.505,0,1,0,0,0.533867
7.507,0,1,0,0,0.534009
7.509,0,1,0,0,0.534151
7.511,0,1,0,0,0.534293
7.51301,0,1,0,0,0.534435
7.51501,0,1,0,0,0.534578
7.51701,0,1,0,0,0.53472
7.51901,0,1,0,0,0.534862
7.52101,0,1,0,0,0.535004
7.52301,0,1,0,0,0.535146
7.52501,0,1,0,0,0.535288
7.52701,0,1,0,0,0.53543
7.52901,0,1,0,0,0.535572
7.53101,0,1,0,0,0.535714
7.53301,0,1,0,0,0.535857
7.53501,0,1,0,0,0.535999
7.53701,0,1,0,0,0.536141
7.53902,0,1,0,0,0.536283
7.54102,0,1,0,0,0.536425
7.54302,0,1,0,0,0.536567
7.54502,0,1,0,0,0.536709
7.54702,0,1,0,0,0.536851
7.54902,0,1,0,0,0.536994
7.55102,0,1,0,0,0.537136
7.55302,0,1,0,0,0.537278
7.55502,0,1,0,0,0.53742
7.55702,0,1,0,0,0.537562
7.55902,0,1,0,0,0.537704
7.56102,0,1,0,0,0.537846
7.56303,0,1,0,0,0.537988
7.56503,0,1,0,0,0.538131
7.56703,0,1,0,0,0.538273
7.56903,0,1,0,0,0.538415
7.57103,0,1,0,0,0.538557
7.57303,0,1,0,0,0.538699
7.57503,0,1,0,0,0.538841
7.57703,0,1,0,0,0.538983
7.57903,0,1,0,0,0.539125
7.58103,0,1,0,0,0.539267
7.58303,0,1,0,0,0.53941
7.58503,0,1,0,0,0.539552
7.58703,0,1,0,0,0.539694
7.58904,0,1,0,0,0.539836
7.59104,0,1,0,0,0.539978
7.59304,0,1,0,0,0.54012
7.59504,0,1,0,0,0.540262
7.59704,0,1,0,0,0.540404
7.59904,0,1,0,0,0.540547
7.60104,0,1,0,0,0.540689
7.60304,0,1,0,0,0.540831
7.60504,0,1,0,0,0.540973
7.60704,0,1,0,0,0.541115
7.60904,0,1,0,0,0.541257
7.61104,0,1,0,0,0.541399
7.61305,0,1,0,0,0.541541
7.61505,0,1,0,0,0.541683
7.61705,0,1,0,0,0.541826
7.61905,0,1,0,0,0.541968
7.62105,0,1,0,0,0.54211
7.62305,0,1,0,0,0.542252
7.62505,0,1,0,0,0.542394
7.62705,0,1,0,0,0.542536
7.62905,0,1,0,0,0.542678
7.63105,0,1,0,0,0.54282
7.63305,0,1,0,0,0.542962
7.63505,0,1,0,0,0.543105
7.63705,0,1,0,0,0.543247
7.63906,0,1,0,0,0.543389
7.64106,0,1,0,0,0.543531
7.64306,0,1,0,0,0.543673
7.64506,0,1,0,0,0.543815
7.64706,0,1,0,0,0.543957
7.64906,0,1,0,0,0.544099
7.65106,0,1,0,0,0.544241
7.65306,0,1,0,0,0.544384
7.65506,0,1,0,0,0.544526
7.65706,0,1,0,0,0.544668
7.65906,0,1,0,0,0.54481
7.66106,0,1,0,0,0.544952
7.66307,0,1,0,0,0.545094
7.66507,0,1,0,0,0.545236
7.66707,0,1,0,0,0.545378
7.66907,0,1,0,0,0.54552
7.67107,0,1,0,0,0.545663
7.67307,0,1,0,0,0.545805
7.67507,0,1,0,0,0.545947
7.67707,0,1,0,0,0.546089
7.67907,0,1,0,0,0.546231
7.68107,0,1,0,0,0.546373
7.68307,0,1,0,0,0.546515
7.68507,0,1,0,0,0.546657
7.68707,0,1,0,0,0.546799
7.68908,0,1,0,0,0.546942
7.69108,0,1,0,0,0.547084
7.69308,0,1,0,0,0.547226
7.69508,0,1,0,0,0.547368
7.69708,0,1,0,0,0.54751
7.69908,0,1,0,0,0.547652
7.70108,0,1,0,0,0.547794
7.70308,0,1,0,0,0.547936
7.70508,0,1,0,0,0.548078
7.70708,0,1,0,0,0.54822
7.70908,0,1,0,0,0.548363
7.71108,0,1,0,0,0.548505
7.71309,0,1,0,0,0.548647
7.71509,0,1,0,0,0.548789
7.71709,0,1,0,0,0.548931
7.71909,0,1,0,0,0.549073
7.72109,0,1,0,0,0.549215
7.72309,0,1,0,0,0.549357
7.72509,0,1,0,0,0.549499
7.72709,0,1,0,0,0.549642
7.72909,0,1,0,0,0.549784
7.73109,0,1,0,0,0.549926
7.73309,0,1,0,0,0.550068
7.73509,0,1,0,0,0.55021
7.73709,0,1,0,0,0.550352
7.7391,0,1,0,0,0.550494
7.7411,0,1,0,0,0.550636
7.7431,0,1,0,0,0.550778
7.7451,0,1,0,0,0.55092
7.7471,0,1,0,0,0.551063
7.7491,0,1,0,0,0.551205
7.7511,0,1,0,0,0.551347
7.7531,0,1,0,0,0.551489
7.7551,0,1,0,0,0.551631
7.7571,0,1,0,0,0.551773
7.7591,0,1,0,0,0.551915
7.7611,0,1,0,0,0.552057
7.76311,0,1,0,0,0.552199
7.76511,0,1,0,0,0.552342
7.76711,0,1,0,0,0.552484
7.76911,0,1,0,0,0.552626
7.77111,0,1,0,0,0.552768
7.77311,0,1,0,0,0.55291
7.77511,0,1,0,0,0.553052
7.77711,0,1,0,0,0.553194
7.77911,0,1,0,0,0.553336
7.78111,0,1,0,0,0.553478
7.78311,0,1,0,0,0.55362
7.78511,0,1,0,0,0.553763
7.78711,0,1,0,0,0.553905
7.78912,0,1,0,0,0.554047
7.79112,0,1,0,0,0.554189
7.79312,0,1,0,0,0.554331
7.79512,0,1,0,0,0.554473
7.79712,0,1,0,0,0.554615
7.79912,0,1,0,0,0.554757
7.80112,0,1,0,0,0.554899
7.80312,0,1,0,0,0.555041
7.80512,0,1,0,0,0.555184
7.80712,0,1,0,0,0.555326
7.80912,0,1,0,0,0.555468
7.81112,0,1,0,0,0.55561
7.81313,0,1,0,0,0.555752
7.81513,0,1,0,0,0.555894
7.81713,0,1,0,0,0.556036
7.81913,0,1,0,0,0.556178
7.82113,0,1,0,0,0.55632
7.82313,0,1,0,0,0.556462
7.82513,0,1,0,0,0.556604
7.82713,0,1,0,0,0.556747
7.82913,0,1,0,0,0.556889
7.83113,0,1,0,0,0.557031
7.83313,0,1,0,0,0.557173
7.83513,0,1,0,0,0.557315
7.83713,0,1,0,0,0.557457
7.83914,0,1,0,0,0.557599
7.84114,0,1,0,0,0.557741
7.84314,0,1,0,0,0.557883
7.84514,0,1,0,0,0.558025
7.84714,0,1,0,0,0.558168
7.84914,0,1,0,0,0.55831
7.85114,0,1,0,0,0.558452
7.85314,0,1,0,0,0.558594
7.85514,0,1,0,0,0.558736
7.85714,0,1,0,0,0.558878
7.85914,0,1,0,0,0.55902
7.86114,0,1,0,0,0.559162
7.86315,0,1,0,0,0.559304
7.86515,0,1,0,0,0.559446
7.86715,0,1,0,0,0.559588
7.86915,0,1,0,0,0.559731
7.87115,0,1,0,0,0.559873
7.87315,0,1,0,0,0.560015
7.87515,0,1,0,0,0.560157
7.87715,0,1,0,0,0.560299
7.87915,0,1,0,0,0.560441
7.88115,0,1,0,0,0.560583
7.88315,0,1,0,0,0.560725
7.88515,0,1,0,0,0.560867
7.88715,0,1,0,0,0.561009
7.88916,0,1,0,0,0.561151
7.89116,0,1,0,0,0.561294
7.89316,0,1,0,0,0.561436
7.89516,0,1,0,0,0.561578
7.89716,0,1,0,0,0.56172
7.89916,0,1,0,0,0.561862
7.90116,0,1,0,0,0.562004
7.90316,0,1,0,0,0.562146
7.90516,0,1,0,0,0.562288
7.90716,0,1,0,0,0.56243
7.90916,0,1,0,0,0.562572
7.91116,0,1,0,0,0.562714
7.91317,0,1,0,0,0.562857
7.91517,0,1,0,0,0.562999
7.91717,0,1,0,0,0.563141
7.91917,0,1,0,0,0.563283
7.92117,0,1,0,0,0.563425
7.92317,0,1,0,0,0.563567
7.92517,0,1,0,0,0.563709
7.92717,0,1,0,0,0.563851
7.92917,0,1,0,0,0.563993
7.93117,0,1,0,0,0.564135
7.93317,0,1,0,0,0.564277
7.93517,0,1,0,0,0.56442
7.93717,0,1,0,0,0.564562
7.93918,0,1,0,0,0.564704
7.94118,0,1,0,0,0.564846
7.94318,0,1,0,0,0.564988
7.94518,0,1,0,0,0.56513
7.94718,0,1,0,0,0.565272
7.94918,0,1,0,0,0.565414
7.95118,0,1,0,0,0.565556
7.95318,0,1,0,0,0.565698
7.95518,0,1,0,0,0.56584
7.95718,0,1,0,0,0.565982
7.95918,0,1,0,0,0.566125
7.96118,0,1,0,0,0.566267
7.96319,0,1,0,0,0.566409
7.96519,0,1,0,0,0.566551
7.96719,0,1,0,0,0.566693
7.96919,0,1,0,0,0.566835
7.97119,0,1,0,0,0.566977
7.97319,0,1,0,0,0.567119
7.97519,0,1,0,0,0.567261
7.97719,0,1,0,0,0.567403
7.97919,0,1,0,0,0.567545
7.98119,0,1,0,0,0.567687
7.98319,0,1,0,0,0.56783
7.98519,0,1,0,0,0.567972
7.98719,0,1,0,0,0.568114
7.9892,0,1,0,0,0.568256
7.9912,0,1,0,0,0.568398
7.9932,0,1,0,0,0.56854
7.9952,0,1,0,0,0.568682
7.9972,0,1,0,0,0.568824
7.9992,0,1,0,0,0.568966
8.0012,0,1,0,0,0.569108
8.0032,0,1,0,0,0.56925
8.0052,0,1,0,0,0.569392
8.0072,0,1,0,0,0.569535
8.0092,0,1,0,0,0.569677
8.0112,0,1,0,0,0.569819
8.01321,0,1,0,0,0.569961
8.01521,0,1,0,0,0.570103
8.01721,0,1,0,0,0.570245
8.01921,0,1,0,0,0.570387
8.02121,0,1,0,0,0.570529
8.02321,0,1,0,0,0.570671
8.02521,0,1,0,0,0.570813
8.02721,0,1,0,0,0.570955
8.02921,0,1,0,0,0.571097
8.03121,0,1,0,0,0.57124
8.03321,0,1,0,0,0.571382
8.03521,0,1,0,0,0.571524
8.03721,0,1,0,0,0.571666
8.03922,0,1,0,0,0.571808
8.04122,0,1,0,0,0.57195
8.04322,0,1,0,0,0.572092
8.04522,0,1,0,0,0.572234
8.04722,0,1,0,0,0.572376
8.04922,0,1,0,0,0.572518
8.05122,0,1,0,0,0.57266
8.05322,0,1,0,0,0.572802
8.05522,0,1,0,0,0.572944
8.05722,0,1,0,0,0.573087
8.05922,0,1,0,0,0.573229
8.06122,0,1,0,0,0.573371
8.06323,0,1,0,0,0.573513
8.06523,0,1,0,0,0.573655
8.06723,0,1,0,0,0.573797
8.06923,0,1,0,0,0.573939
8.07123,0,1,0,0,0.574081
8.07323,0,1,0,0,0.574223
8.07523,0,1,0,0,0.574365
8.07723,0,1,0,0,0.574507
8.07923,0,1,0,0,0.574649
8.08123,0,1,0,0,0.574791
8.08323,0,1,0,0,0.574933
8.08523,0,1,0,0,0.575076
8.08723,0,1,0,0,0.575218
8.08924,0,1,0,0,0.57536
8.09124,0,1,0,0,0.575502
8.09324,0,1,0,0,0.575644
8.09524,0,1,0,0,0.575786
8.09724,0,1,0,0,0.575928
8.09924,0,1,0,0,0.57607
8.10124,0,1,0,0,0.576212
8.10324,0,1,0,0,0.576354
8.10524,0,1,0,0,0.576496
8.10724,0,1,0,0,0.576638
8.10924,0,1,0,0,0.57678
8.11124,0,1,0,0,0.576923
8.11325,0,1,0,0,0.577065
8.11525,0,1,0,0,0.577207
8.11725,0,1,0,0,0.577349
8.11925,0,1,0,0,0.577491
8.12125,0,1,0,0,0.577633
8.12325,0,1,0,0,0.577775
8.12525,0,1,0,0,0.577917
8.12725,0,1,0,0,0.578059
8.12925,0,1,0,0,0.578201
8.13125,0,1,0,0,0.578343
8.13325,0,1,0,0,0.578485
8.13525,0,1,0,0,0.578627
8.13725,0,1,0,0,0.578769
8.13926,0,1,0,0,0.578911
8.14126,0,1,0,0,0.579054
8.14326,0,1,0,0,0.579196
8.14526,0,1,0,0,0.579338
8.14726,0,1,0,0,0.57948
8.14926,0,1,0,0,0.579622
8.15126,0,1,0,0,0.579764
8.15326,0,1,0,0,0.579906
8.15526,0,1,0,0,0.580048
8.15726,0,1,0,0,0.58019
8.15926,0,1,0,0,0.580332
8.16126,0,1,0,0,0.580474
8.16327,0,1,0,0,0.580616
8.16527,0,1,0,0,0.580758
8.16727,0,1,0,0,0.5809
8.16927,0,1,0,0,0.581043
8.17127,0,1,0,0,0.581185
8.17327,0,1,0,0,0.581327
8.17527,0,1,0,0,0.581469
8.17727,0,1,0,0,0.581611
8.17927,0,1,0,0,0.581753
8.18127,0,1,0,0,0.581895
8.18327,0,1,0,0,0.582037
8.18527,0,1,0,0,0.582179
8.18727,0,1,0,0,0.582321
8.18928,0,1,0,0,0.582463
8.19128,0,1,0,0,0.582605
8.19328,0,1,0,0,0.582747
8.19528,0,1,0,0,0.582889
8.19728,0,1,0,0,0.583031
8.19928,0,1,0,0,0.583173
8.20128,0,1,0,0,0.583316
8.20328,0,1,0,0,0.583458
8.20528,0,1,0,0,0.5836
8.20728,0,1,0,0,0.583742
8.20928,0,1,0,0,0.583884
8.21128,0,1,0,0,0.584026
8.21329,0,1,0,0,0.584168
8.21529,0,1,0,0,0.58431
8.21729,0,1,0,0,0.584452
8.21929,0,1,0,0,0.584594
8.22129,0,1,0,0,0.584736
8.22329,0,1,0,0,0.584878
8.22529,0,1,0,0,0.58502
8.22729,0,1,0,0,0.585162
8.22929,0,1,0,0,0.585304
8.23129,0,1,0,0,0.585446
8.23329,0,1,0,0,0.585589
8.23529,0,1,0,0,0.585731
8.23729,0,1,0,0,0.585873
8.2393,0,1,0,0,0.586015
8.2413,0,1,0,0,0.586157
8.2433,0,1,0,0,0.586299
8.2453,0,1,0,0,0.586441
8.2473,0,1,0,0,0.586583
8.2493,0,1,0,0,0.586725
8.2513,0,1,0,0,0.586867
8.2533,0,1,0,0,0.587009
8.2553,0,1,0,0,0.587151
8.2573,0,1,0,0,0.587293
8.2593,0,1,0,0,0.587435
8.2613,0,1,0,0,0.587577
8.26331,0,1,0,0,0.587719
8.26531,0,1,0,0,0.587862
8.26731,0,1,0,0,0.588004
8.26931,0,1,0,0,0.588146
8.27131,0,1,0,0,0.588288
8.27331,0,1,0,0,0.58843
8.27531,0,1,0,0,0.588572
8.27731,0,1,0,0,0.588714
8.27931,0,1,0,0,0.588856
8.28131,0,1,0,0,0.588998
8.28331,0,1,0,0,0.58914
8.28531,0,1,0,0,0.589282
8.28731,0,1,0,0,0.589424
8.28932,0,1,0,0,0.589566
8.29132,0,1,0,0,0.589708
8.29332,0,1,0,0,0.58985
8.29532,0,1,0,0,0.589992
8.29732,0,1,0,0,0.590134
8.29932,0,1,0,0,0.590276
8.30132,0,1,0,0,0.590419
8.30332,0,1,0,0,0.590561
8.30532,0,1,0,0,0.590703
8.30732,0,1,0,0,0.590845
8.30932,0,1,0,0,0.590987
8.31132,0,1,0,0,0.591129
8.31333,0,1,0,0,0.591271
8.31533,0,1,0,0,0.591413
8.31733,0,1,0,0,0.591555
8.31933,0,1,0,0,0.591697
8.32133,0,1,0,0,0.591839
8.32333,0,1,0,0,0.591981
8.32533,0,1,0,0,0.592123
8.32733,0,1,0,0,0.592265
8.32933,0,1,0,0,0.592407
8.33133,0,1,0,0,0.592549
8.33333,0,1,0,0,0.592691
8.33533,0,1,0,0,0.592833
8.33733,0,1,0,0,0.592975
8.33934,0,1,0,0,0.593118
8.34134,0,1,0,0,0.59326
8.34334,0,1,0,0,0.593402
8.34534,0,1,0,0,0.593544
8.34734,0,1,0,0,0.593686
8.34934,0,1,0,0,0.593828
8.35134,0,1,0,0,0.59397
8.35334,0,1,0,0,0.594112
8.35534,0,1,0,0,0.594254
8.35734,0,1,0,0,0.594396
8.35934,0,1,0,0,0.594538
8.36134,0,1,0,0,0.59468
8.36335,0,1,0,0,0.594822
8.36535,0,1,0,0,0.594964
8.36735,0,1,0,0,0.595106
8.36935,0,1,0,0,0.595248
8.37135,0,1,0,0,0.59539
8.37335,0,1,0,0,0.595532
8.37535,0,1,0,0,0.595674
8.37735,0,1,0,0,0.595816
8.37935,0,1,0,0,0.595959
8.38135,0,1,0,0,0.596101
8.38335,0,1,0,0,0.596243
8.38535,0,1,0,0,0.596385
8.38735,0,1,0,0,0.596527
8.38936,0,1,0,0,0.596669
8.39136,0,1,0,0,0.596811
8.39336,0,1,0,0,0.596953
8.39536,0,1,0,0,0.597095
8.39736,0,1,0,0,0.597237
8.39936,0,1,0,0,0.597379
8.40136,0,1,0,0,0.597521
8.40336,0,1,0,0,0.597663
8.40536,0,1,0,0,0.597805
8.40736,0,1,0,0,0.597947
8.40936,0,1,0,0,0.598089
8.41136,0,1,0,0,0.598231
8.41337,0,1,0,0,0.598373
8.41537,0,1,0,0,0.598515
8.41737,0,1,0,0,0.598657
8.41937,0,1,0,0,0.598799
8.42137,0,1,0,0,0.598941
8.42337,0,1,0,0,0.599084
8.42537,0,1,0,0,0.599226
8.42737,0,1,0,0,0.599368
8.42937,0,1,0,0,0.59951
8.43137,0,1,0,0,0.599652
8.43337,0,1,0,0,0.599794
8.43537,0,1,0,0,0.599936
8.43737,0,1,0,0,0.600078
8.43938,0,1,0,0,0.60022
8.44138,0,1,0,0,0.600362
8.44338,0,1,0,0,0.600504
8.44538,0,1,0,0,0.600646
8.44738,0,1,0,0,0.600788
8.44938,0,1,0,0,0.60093
8.45138,0,1,0,0,0.601072
8.45338,0,1,0,0,0.601214
8.45538,0,1,0,0,0.601356
8.45738,0,1,0,0,0.601498
8.45938,0,1,0,0,0.60164
8.46138,0,1,0,0,0.601782
8.46339,0,1,0,0,0.601924
8.46539,0,1,0,0,0.602066
8.46739,0,1,0,0,0.602208
8.46939,0,1,0,0,0.60235
8.47139,0,1,0,0,0.602493
8.47339,0,1,0,0,0.602635
8.47539,0,1,0,0,0.602777
8.47739,0,1,0,0,0.602919
8.47939,0,1,0,0,0.603061
8.48139,0,1,0,0,0.603203
8.48339,0,1,0,0,0.603345
8.48539,0,1,0,0,0.603487
8.48739,0,1,0,0,0.603629
8.4894,0,1,0,0,0.603771
8.4914,0,1,0,0,0.603913
8.4934,0,1,0,0,0.604055
8.4954,0,1,0,0,0.604197
8.4974,0,1,0,0,0.604339
8.4994,0,1,0,0,0.604481
8.5014,0,1,0,0,0.604623
8.5034,0,1,0,0,0.604765
8.5054,0,1,0,0,0.604907
8.5074,0,1,0,0,0.605049
8.5094,0,1,0,0,0.605191
8.5114,0,1,0,0,0.605333
8.51341,0,1,0,0,0.605475
8.51541,0,1,0,0,0.605617
8.51741,0,1,0,0,0.605759
8.51941,0,1,0,0,0.605901
8.52141,0,1,0,0,0.606043
8.52341,0,1,0,0,0.606185
8.52541,0,1,0,0,0.606328
8.52741,0,1,0,0,0.60647
8.52941,0,1,0,0,0.606612
8.53141,0,1,0,0,0.606754
8.53341,0,1,0,0,0.606896
8.53541,0,1,0,0,0.607038
8.53741,0,1,0,0,0.60718
8.53942,0,1,0,0,0.607322
8.54142,0,1,0,0,0.607464
8.54342,0,1,0,0,0.607606
8.54542,0,1,0,0,0.607748
8.54742,0,1,0,0,0.60789
8.54942,0,1,0,0,0.608032
8.55142,0,1,0,0,0.608174
8.55342,0,1,0,0,0.608316
8.55542,0,1,0,0,0.608458
8.55742,0,1,0,0,0.6086
8.55942,0,1,0,0,0.608742
8.56142,0,1,0,0,0.608884
8.56343,0,1,0,0,0.609026
8.56543,0,1,0,0,0.609168
8.56743,0,1,0,0,0.60931
8.56943,0,1,0,0,0.609452
8.57143,0,1,0,0,0.609594
8.57343,0,1,0,0,0.609736
8.57543,0,1,0,0,0.609878
8.57743,0,1,0,0,0.61002
8.57943,0,1,0,0,0.610162
8.58143,0,1,0,0,0.610304
8.58343,0,1,0,0,0.610446
8.58543,0,1,0,0,0.610588
8.58743,0,1,0,0,0.61073
8.58944,0,1,0,0,0.610873
8.59144,0,1,0,0,0.611015
8.59344,0,1,0,0,0.611157
8.59544,0,1,0,0,0.611299
8.59744,0,1,0,0,0.611441
8.59944,0,1,0,0,0.611583
8.60144,0,1,0,0,0.611725
8.60344,0,1,0,0,0.611867
8.60544,0,1,0,0,0.612009
8.60744,0,1,0,0,0.612151
8.60944,0,1,0,0,0.612293
8.61144,0,1,0,0,0.612435
8.61345,0,1,0,0,0.612577
8.61545,0,1,0,0,0.612719
8.61745,0,1,0,0,0.612861
8.61945,0,1,0,0,0.613003
8.62145,0,1,0,0,0.613145
8.62345,0,1,0,0,0.613287
8.62545,0,1,0,0,0.613429
8.62745,0,1,0,0,0.613571
8.62945,0,1,0,0,0.613713
8.63145,0,1,0,0,0.613855
8.63345,0,1,0,0,0.613997
8.63545,0,1,0,0,0.614139
8.63745,0,1,0,0,0.614281
8.63946,0,1,0,0,0.614423
8.64146,0,1,0,0,0.614565
8.64346,0,1,0,0,0.614707
8.64546,0,1,0,0,0.614849
8.64746,0,1,0,0,0.614991
8.64946,0,1,0,0,0.615133
8.65146,0,1,0,0,0.615275
8.65346,0,1,0,0,0.615417
8.65546,0,1,0,0,0.615559
8.65746,0,1,0,0,0.615701
8.65946,0,1,0,0,0.615843
8.66146,0,1,0,0,0.615985
8.66347,0,1,0,0,0.616127
8.66547,0,1,0,0,0.616269
8.66747,0,1,0,0,0.616411
8.66947,0,1,0,0,0.616554
8.67147,0,1,0,0,0.616696
8.67347,0,1,0,0,0.616838
8.67547,0,1,0,0,0.61698
8.67747,0,1,0,0,0.617122
8.67947,0,1,0,0,0.617264
8.68147,0,1,0,0,0.617406
8.68347,0,1,0,0,0.617548
8.68547,0,1,0,0,0.61769
8.68747,0,1,0,0,0.617832
8.68948,0,1,0,0,0.617974
8.69148,0,1,0,0,0.618116
8.69348,0,1,0,0,0.618258
8.69548,0,1,0,0,0.6184
8.69748,0,1,0,0,0.618542
8.69948,0,1,0,0,0.618684
8.70148,0,1,0,0,0.618826
8.70348,0,1,0,0,0.618968
8.70548,0,1,0,0,0.61911
8.70748,0,1,0,0,0.619252
8.70948,0,1,0,0,0.619394
8.71148,0,1,0,0,0.619536
8.71349,0,1,0,0,0.619678
8.71549,0,1,0,0,0.61982
8.71749,0,1,0,0,0.619962
8.71949,0,1,0,0,0.620104
8.72149,0,1,0,0,0.620246
8.72349,0,1,0,0,0.620388
8.72549,0,1,0,0,0.62053
8.72749,0,1,0,0,0.620672
8.72949,0,1,0,0,0.620814
8.73149,0,1,0,0,0.620956
8.73349,0,1,0,0,0.621098
8.73549,0,1,0,0,0.62124
8.73749,0,1,0,0,0.621382
8.7395,0,1,0,0,0.621524
8.7415,0,1,0,0,0.621666
8.7435,0,1,0,0,0.621808
8.7455,0,1,0,0,0.62195
8.7475,0,1,0,0,0.622092
8.7495,0,1,0,0,0.622234
8.7515,0,1,0,0,0.622376
8.7535,0,1,0,0,0.622518
8.7555,0,1,0,0,0.62266
8.7575,0,1,0,0,0.622802
8.7595,0,1,0,0,0.622944
8.7615,0,1,0,0,0.623086
8.76351,0,1,0,0,0.623228
8.76551,0,1,0,0,0.62337
8.76751,0,1,0,0,0.623512
8.76951,0,1,0,0,0.623654
8.77151,0,1,0,0,0.623796
8.77351,0,1,0,0,0.623938
8.77551,0,1,0,0,0.62408
8.77751,0,1,0,0,0.624222
8.77951,0,1,0,0,0.624364
8.78151,0,1,0,0,0.624506
8.78351,0,1,0,0,0.624648
8.78551,0,1,0,0,0.62479
8.78752,0,1,0,0,0.624932
8.78952,0,1,0,0,0.625074
8.79152,0,1,0,0,0.625216
8.79352,0,1,0,0,0.625358
8.79552,0,1,0,0,0.6255
8.79752,0,1,0,0,0.625642
8.79952,0,1,0,0,0.625784
8.80152,0,1,0,0,0.625926
8.80352,0,1,0,0,0.626068
8.80552,0,1,0,0,0.62621
8.80752,0,1,0,0,0.626353
8.80952,0,1,0,0,0.626495
8.81152,0,1,0,0,0.626637
8.81353,0,1,0,0,0.626779
8.81553,0,1,0,0,0.626921
8.81753,0,1,0,0,0.627063
8.81953,0,1,0,0,0.627205
8.82153,0,1,0,0,0.627347
8.82353,0,1,0,0,0.627489
8.82553,0,1,0,0,0.627631
8.82753,0,1,0,0,0.627773
8.82953,0,1,0,0,0.627915
8.83153,0,1,0,0,0.628057
8.83353,0,1,0,0,0.628199
8.83553,0,1,0,0,0.628341
8.83754,0,1,0,0,0.628483
8.83954,0,1,0,0,0.628625
8.84154,0,1,0,0,0.628767
8.84354,0,1,0,0,0.628909
8.84554,0,1,0,0,0.629051
8.84754,0,1,0,0,0.629193
8.84954,0,1,0,0,0.629335
8.85154,0,1,0,0,0.629477
8.85354,0,1,0,0,0.629619
8.85554,0,1,0,0,0.629761
8.85754,0,1,0,0,0.629903
8.85954,0,1,0,0,0.630045
8.86154,0,1,0,0,0.630187
8.86355,0,1,0,0,0.630329
8.86555,0,1,0,0,0.630471
8.86755,0,1,0,0,0.630613
8.86955,0,1,0,0,0.630755
8.87155,0,1,0,0,0.630897
8.87355,0,1,0,0,0.631039
8.87555,0,1,0,0,0.631181
8.87755,0,1,0,0,0.631323
8.87955,0,1,0,0,0.631465
8.88155,0,1,0,0,0.631607
8.88355,0,1,0,0,0.631749
8.88555,0,1,0,0,0.631891
8.88756,0,1,0,0,0.632033
8.88956,0,1,0,0,0.632175
8.89156,0,1,0,0,0.632317
8.89356,0,1,0,0,0.632459
8.89556,0,1,0,0,0.632601
8.89756,0,1,0,0,0.632743
8.89956,0,1,0,0,0.632885
8.90156,0,1,0,0,0.633027
8.90356,0,1,0,0,0.633169
8.90556,0,1,0,0,0.633311
8.90756,0,1,0,0,0.633453
8.90956,0,1,0,0,0.633595
8.91156,0,1,0,0,0.633737
8.91357,0,1,0,0,0.633879
8.91557,0,1,0,0,0.634021
8.91757,0,1,0,0,0.634163
8.91957,0,1,0,0,0.634305
8.92157,0,1,0,0,0.634447
8.92357,0,1,0,0,0.634589
8.92557,0,1,0,0,0.634731
8.92757,0,1,0,0,0.634873
8.92957,0,1,0,0,0.635015
8.93157,0,1,0,0,0.635157
8.93357,0,1,0,0,0.635299
8.93557,0,1,0,0,0.635441
8.93758,0,1,0,0,0.635583
8.93958,0,1,0,0,0.635725
8.94158,0,1,0,0,0.635867
8.94358,0,1,0,0,0.636009
8.94558,0,1,0,0,0.636151
8.94758,0,1,0,0,0.636293
8.94958,0,1,0,0,0.636435
8.95158,0,1,0,0,0.636577
8.95358,0,1,0,0,0.636719
8.95558,0,1,0,0,0.636861
8.95758,0,1,0,0,0.637003
8.95958,0,1,0,0,0.637145
8.96158,0,1,0,0,0.637287
8.96359,0,1,0,0,0.637429
8.96559,0,1,0,0,0.637571
8.96759,0,1,0,0,0.637713
8.96959,0,1,0,0,0.637855
8.97159,0,1,0,0,0.637997
8.97359,0,1,0,0,0.638138
8.97559,0,1,0,0,0.63828
8.97759,0,1,0,0,0.638422
8.97959,0,1,0,0,0.638564
8.98159,0,1,0,0,0.638706
8.98359,0,1,0,0,0.638848
8.98559,0,1,0,0,0.63899
8.9876,0,1,0,0,0.639132
8.9896,0,1,0,0,0.639274
8.9916,0,1,0,0,0.639416
8.9936,0,1,0,0,0.639558
8.9956,0,1,0,0,0.6397
8.9976,0,1,0,0,0.639842
8.9996,0,1,0,0,0.639984
9.0016,0,1,0,0,0.640126
9.0036,0,1,0,0,0.640268
9.0056,0,1,0,0,0.64041
9.0076,0,1,0,0,0.640552
9.0096,0,1,0,0,0.640694
9.0116,0,1,0,0,0.640836
9.01361,0,1,0,0,0.640978
9.01561,0,1,0,0,0.64112
9.01761,0,1,0,0,0.641262
9.01961,0,1,0,0,0.641404
9.02161,0,1,0,0,0.641546
9.02361,0,1,0,0,0.641688
9.02561,0,1,0,0,0.64183
9.02761,0,1,0,0,0.641972
9.02961,0,1,0,0,0.642114
9.03161,0,1,0,0,0.642256
9.03361,0,1,0,0,0.642398
9.03561,0,1,0,0,0.64254
9.03762,0,1,0,0,0.642682
9.03962,0,1,0,0,0.642824
9.04162,0,1,0,0,0.642966
9.04362,0,1,0,0,0.643108
9.04562,0,1,0,0,0.64325
9.04762,0,1,0,0,0.643392
9.04962,0,1,0,0,0.643534
9.05162,0,1,0,0,0.643676
9.05362,0,1,0,0,0.643818
9.05562,0,1,0,0,0.64396
9.05762,0,1,0,0,0.644102
9.05962,0,1,0,0,0.644244
9.06162,0,1,0,0,0.644386
9.06363,0,1,0,0,0.644528
9.06563,0,1,0,0,0.64467
9.06763,0,1,0,0,0.644812
9.06963,0,1,0,0,0.644954
9.07163,0,1,0,0,0.645096
9.07363,0,1,0,0,0.645238
9.07563,0,1,0,0,0.64538
9.07763,0,1,0,0,0.645522
9.07963,0,1,0,0,0.645664
9.08163,0,1,0,0,0.645806
9.08363,0,1,0,0,0.645948
9.08563,0,1,0,0,0.64609
9.08764,0,1,0,0,0.646232
9.08964,0,1,0,0,0.646374
9.09164,0,1,0,0,0.646516
9.09364,0,1,0,0,0.646658
9.09564,0,1,0,0,0.6468
9.09764,0,1,0,0,0.646942
9.09964,0,1,0,0,0.647084
9.10164,0,1,0,0,0.647226
9.10364,0,1,0,0,0.647368
9.10564,0,1,0,0,0.64751
9.10764,0,1,0,0,0.647652
9.10964,0,1,0,0,0.647793
9.11164,0,1,0,0,0.647935
9.11365,0,1,0,0,0.648077
9.11565,0,1,0,0,0.648219
9.11765,0,1,0,0,0.648361
9.11965,0,1,0,0,0.648503
9.12165,0,1,0,0,0.648645
9.12365,0,1,0,0,0.648787
9.12565,0,1,0,0,0.648929
9.12765,0,1,0,0,0.649071
9.12965,0,1,0,0,0.649213
9.13165,0,1,0,0,0.649355
9.13365,0,1,0,0,0.649497
9.13565,0,1,0,0,0.649639
9.13766,0,1,0,0,0.649781
9.13966,0,1,0,0,0.649923
9.14166,0,1,0,0,0.650065
9.14366,0,1,0,0,0.650207
9.14566,0,1,0,0,0.650349
9.14766,0,1,0,0,0.650491
9.14966,0,1,0,0,0.650633
9.15166,0,1,0,0,0.650775
9.15366,0,1,0,0,0.650917
9.15566,0,1,0,0,0.651059
9.15766,0,1,0,0,0.651201
9.15966,0,1,0,0,0.651343
9.16166,0,1,0,0,0.651485
9.16367,0,1,0,0,0.651627
9.16567,0,1,0,0,0.651769
9.16767,0,1,0,0,0.651911
9.16967,0,1,0,0,0.652053
9.17167,0,1,0,0,0.652195
9.17367,0,1,0,0,0.652337
9.17567,0,1,0,0,0.652479
9.17767,0,1,0,0,0.652621
9.17967,0,1,0,0,0.652763
9.18167,0,1,0,0,0.652905
9.18367,0,1,0,0,0.653047
9.18567,0,1,0,0,0.653189
9.18768,0,1,0,0,0.653331
9.18968,0,1,0,0,0.653472
9.19168,0,1,0,0,0.653614
9.19368,0,1,0,0,0.653756
9.19568,0,1,0,0,0.653898
9.19768,0,1,0,0,0.65404
9.19968,0,1,0,0,0.654182
9.20168,0,1,0,0,0.654324
9.20368,0,1,0,0,0.654466
9.20568,0,1,0,0,0.654608
9.20768,0,1,0,0,0.65475
9.20968,0,1,0,0,0.654892
9.21168,0,1,0,0,0.655034
9.21369,0,1,0,0,0.655176
9.21569,0,1,0,0,0.655318
9.21769,0,1,0,0,0.65546
9.21969,0,1,0,0,0.655602
9.22169,0,1,0,0,0.655744
9.22369,0,1,0,0,0.655886
9.22569,0,1,0,0,0.656028
9.22769,0,1,0,0,0.65617
9.22969,0,1,0,0,0.656312
9.23169,0,1,0,0,0.656454
9.23369,0,1,0,0,0.656596
9.23569,0,1,0,0,0.656738
9.2377,0,1,0,0,0.65688
9.2397,0,1,0,0,0.657022
9.2417,0,1,0,0,0.657164
9.2437,0,1,0,0,0.657306
9.2457,0,1,0,0,0.657448
9.2477,0,1,0,0,0.65759
9.2497,0,1,0,0,0.657732
9.2517,0,1,0,0,0.657873
9.2537,0,1,0,0,0.658015
9.2557,0,1,0,0,0.658157
9.2577,0,1,0,0,0.658299
9.2597,0,1,0,0,0.658441
9.2617,0,1,0,0,0.658583
9.26371,0,1,0,0,0.658725
9.26571,0,1,0,0,0.658867
9.26771,0,1,0,0,0.659009
9.26971,0,1,0,0,0.659151
9.27171,0,1,0,0,0.659293
9.27371,0,1,0,0,0.659435
9.27571,0,1,0,0,0.659577
9.27771,0,1,0,0,0.659719
9.27971,0,1,0,0,0.659861
9.28171,0,1,0,0,0.660003
9.28371,0,1,0,0,0.660145
9.28571,0,1,0,0,0.660287
9.28772,0,1,0,0,0.660429
9.28972,0,1,0,0,0.660571
9.29172,0,1,0,0,0.660713
9.29372,0,1,0,0,0.660855
9.29572,0,1,0,0,0.660997
9.29772,0,1,0,0,0.661139
9.29972,0,1,0,0,0.661281
9.30172,0,1,0,0,0.661423
9.30372,0,1,0,0,0.661564
9.30572,0,1,0,0,0.661706
9.30772,0,1,0,0,0.661848
9.30972,0,1,0,0,0.66199
9.31172,0,1,0,0,0.662132
9.31373,0,1,0,0,0.662274
9.31573,0,1,0,0,0.662416
9.31773,0,1,0,0,0.662558
9.31973,0,1,0,0,0.6627
9.32173,0,1,0,0,0.662842
9.32373,0,1,0,0,0.662984
9.32573,0,1,0,0,0.663126
9.32773,0,1,0,0,0.663268
9.32973,0,1,0,0,0.66341
9.33173,0,1,0,0,0.663552
9.33373,0,1,0,0,0.663694
9.33573,0,1,0,0,0.663836
9.33774,0,1,0,0,0.663978
9.33974,0,1,0,0,0.66412
9.34174,0,1,0,0,0.664262
9.34374,0,1,0,0,0.664404
9.34574,0,1,0,0,0.664546
9.34774,0,1,0,0,0.664688
9.34974,0,1,0,0,0.664829
9.35174,0,1,0,0,0.664971
9.35374,0,1,0,0,0.665113
9.35574,0,1,0,0,0.665255
9.35774,0,1,0,0,0.665397
9.35974,0,1,0,0,0.665539
9.36174,0,1,0,0,0.665681
9.36375,0,1,0,0,0.665823
9.36575,0,1,0,0,0.665965
9.36775,0,1,0,0,0.666107
9.36975,0,1,0,0,0.666249
9.37175,0,1,0,0,0.666391
9.37375,0,1,0,0,0.666533
9.37575,0,1,0,0,0.666675
9.37775,0,1,0,0,0.666817
9.37975,0,1,0,0,0.666959
9.38175,0,1,0,0,0.667101
9.38375,0,1,0,0,0.667243
9.38575,0,1,0,0,0.667385
9.38776,0,1,0,0,0.667527
9.38976,0,1,0,0,0.667669
9.39176,0,1,0,0,0.66781
9.39376,0,1,0,0,0.667952
9.39576,0,1,0,0,0.668094
9.39776,0,1,0,0,0.668236
9.39976,0,1,0,0,0.668378
9.40176,0,1,0,0,0.66852
9.40376,0,1,0,0,0.668662
9.40576,0,1,0,0,0.668804
9.40776,0,1,0,0,0.668946
9.40976,0,1,0,0,0.669088
9.41176,0,1,0,0,0.66923
9.41377,0,1,0,0,0.669372
9.41577,0,1,0,0,0.669514
9.41777,0,1,0,0,0.669656
9.41977,0,1,0,0,0.669798
9.42177,0,1,0,0,0.66994
9.42377,0,1,0,0,0.670082
9.42577,0,1,0,0,0.670224
9.42777,0,1,0,0,0.670366
9.42977,0,1,0,0,0.670508
9.43177,0,1,0,0,0.670649
9.43377,0,1,0,0,0.670791
9.43577,0,1,0,0,0.670933
9.43778,0,1,0,0,0.671075
9.43978,0,1,0,0,0.671217
9.44178,0,1,0,0,0.671359
9.44378,0,1,0,0,0.671501
9.44578,0,1,0,0,0.671643
9.44778,0,1,0,0,0.671785
9.44978,0,1,0,0,0.671927
9.45178,0,1,0,0,0.672069
9.45378,0,1,0,0,0.672211
9.45578,0,1,0,0,0.672353
9.45778,0,1,0,0,0.672495
9.45978,0,1,0,0,0.672637
9.46178,0,1,0,0,0.672779
9.46379,0,1,0,0,0.672921
9.46579,0,1,0,0,0.673063
9.46779,0,1,0,0,0.673204
9.46979,0,1,0,0,0.673346
9.47179,0,1,0,0,0.673488
9.47379,0,1,0,0,0.67363
9.47579,0,1,0,0,0.673772
9.47779,0,1,0,0,0.673914
9.47979,0,1,0,0,0.674056
9.48179,0,1,0,0,0.674198
9.48379,0,1,0,0,0.67434
9.48579,0,1,0,0,0.674482
9.4878,0,1,0,0,0.674624
9.4898,0,1,0,0,0.674766
9.4918,0,1,0,0,0.674908
9.4938,0,1,0,0,0.67505
9.4958,0,1,0,0,0.675192
9.4978,0,1,0,0,0.675334
9.4998,0,1,0,0,0.675475
9.5018,0,1,0,0,0.675617
9.5038,0,1,0,0,0.675759
9.5058,0,1,0,0,0.675901
9.5078,0,1,0,0,0.676043
9.5098,0,1,0,0,0.676185
9.5118,0,1,0,0,0.676327
9.51381,0,1,0,0,0.676469
9.51581,0,1,0,0,0.676611
9.51781,0,1,0,0,0.676753
9.51981,0,1,0,0,0.676895
9.52181,0,1,0,0,0.677037
9.52381,0,1,0,0,0.677179
9.52581,0,1,0,0,0.677321
9.52781,0,1,0,0,0.677463
9.52981,0,1,0,0,0.677605
9.53181,0,1,0,0,0.677746
9.53381,0,1,0,0,0.677888
9.53581,0,1,0,0,0.67803
9.53782,0,1,0,0,0.678172
9.53982,0,1,0,0,0.678314
9.54182,0,1,0,0,0.678456
9.54382,0,1,0,0,0.678598
9.54582,0,1,0,0,0.67874
9.54782,0,1,0,0,0.678882
9.54982,0,1,0,0,0.679024
9.55182,0,1,0,0,0.679166
9.55382,0,1,0,0,0.679308
9.55582,0,1,0,0,0.67945
9.55782,0,1,0,0,0.679592
9.55982,0,1,0,0,0.679734
9.56182,0,1,0,0,0.679876
9.56383,0,1,0,0,0.680017
9.56583,0,1,0,0,0.680159
9.56783,0,1,0,0,0.680301
9.56983,0,1,0,0,0.680443
9.57183,0,1,0,0,0.680585
9.57383,0,1,0,0,0.680727
9.57583,0,1,0,0,0.680869
9.57783,0,1,0,0,0.681011
9.57983,0,1,0,0,0.681153
9.58183,0,1,0,0,0.681295
9.58383,0,1,0,0,0.681437
9.58583,0,1,0,0,0.681579
9.58784,0,1,0,0,0.681721
9.58984,0,1,0,0,0.681863
9.59184,0,1,0,0,0.682004
9.59384,0,1,0,0,0.682146
9.59584,0,1,0,0,0.682288
9.59784,0,1,0,0,0.68243
9.59984,0,1,0,0,0.682572
9.60184,0,1,0,0,0.682714
9.60384,0,1,0,0,0.682856
9.60584,0,1,0,0,0.682998
9.60784,0,1,0,0,0.68314
9.60984,0,1,0,0,0.683282
9.61184,0,1,0,0,0.683424
9.61385,0,1,0,0,0.683566
9.61585,0,1,0,0,0.683708
9.61785,0,1,0,0,0.68385
9.61985,0,1,0,0,0.683991
9.62185,0,1,0,0,0.684133
9.62385,0,1,0,0,0.684275
9.62585,0,1,0,0,0.684417
9.62785,0,1,0,0,0.684559
9.62985,0,1,0,0,0.684701
9.63185,0,1,0,0,0.684843
9.63385,0,1,0,0,0.684985
9.63585,0,1,0,0,0.685127
9.63786,0,1,0,0,0.685269
9.63986,0,1,0,0,0.685411
9.64186,0,1,0,0,0.685553
9.64386,0,1,0,0,0.685695
9.64586,0,1,0,0,0.685837
9.64786,0,1,0,0,0.685978
9.64986,0,1,0,0,0.68612
9.65186,0,1,0,0,0.686262
9.65386,0,1,0,0,0.686404
9.65586,0,1,0,0,0.686546
9.65786,0,1,0,0,0.686688
9.65986,0,1,0,0,0.68683
9.66186,0,1,0,0,0.686972
9.66387,0,1,0,0,0.687114
9.66587,0,1,0,0,0.687256
9.66787,0,1,0,0,0.687398
9.66987,0,1,0,0,0.68754
9.67187,0,1,0,0,0.687682
9.67387,0,1,0,0,0.687823
9.67587,0,1,0,0,0.687965
9.67787,0,1,0,0,0.688107
9.67987,0,1,0,0,0.688249
9.68187,0,1,0,0,0.688391
9.68387,0,1,0,0,0.688533
9.68587,0,1,0,0,0.688675
9.68788,0,1,0,0,0.688817
9.68988,0,1,0,0,0.688959
9.69188,0,1,0,0,0.689101
9.69388,0,1,0,0,0.689243
9.69588,0,1,0,0,0.689385
9.69788,0,1,0,0,0.689526
9.69988,0,1,0,0,0.689668
9.70188,0,1,0,0,0.68981
9.70388,0,1,0,0,0.689952
9.70588,0,1,0,0,0.690094
9.70788,0,1,0,0,0.690236
9.70988,0,1,0,0,0.690378
9.71188,0,1,0,0,0.69052
9.71389,0,1,0,0,0.690662
9.71589,0,1,0,0,0.690804
9.71789,0,1,0,0,0.690946
9.71989,0,1,0,0,0.691088
9.72189,0,1,0,0,0.691229
9.72389,0,1,0,0,0.691371
9.72589,0,1,0,0,0.691513
9.72789,0,1,0,0,0.691655
9.72989,0,1,0,0,0.691797
9.73189,0,1,0,0,0.691939
9.73389,0,1,0,0,0.692081
9.73589,0,1,0,0,0.692223
9.7379,0,1,0,0,0.692365
9.7399,0,1,0,0,0.692507
9.7419,0,1,0,0,0.692649
9.7439,0,1,0,0,0.692791
9.7459,0,1,0,0,0.692932
9.7479,0,1,0,0,0.693074
9.7499,0,1,0,0,0.693216
9.7519,0,1,0,0,0.693358
9.7539,0,1,0,0,0.6935
9.7559,0,1,0,0,0.693642
9.7579,0,1,0,0,0.693784
9.7599,0,1,0,0,0.693926
9.7619,0,1,0,0,0.694068
9.76391,0,1,0,0,0.69421
9.76591,0,1,0,0,0.694352
9.76791,0,1,0,0,0.694493
9.76991,0,1,0,0,0.694635
9.77191,0,1,0,0,0.694777
9.77391,0,1,0,0,0.694919
9.77591,0,1,0,0,0.695061
9.77791,0,1,0,0,0.695203
9.77991,0,1,0,0,0.695345
9.78191,0,1,0,0,0.695487
9.78391,0,1,0,0,0.695629
9.78591,0,1,0,0,0.695771
9.78792,0,1,0,0,0.695913
9.78992,0,1,0,0,0.696054
9.79192,0,1,0,0,0.696196
9.79392,0,1,0,0,0.696338
9.79592,0,1,0,0,0.69648
9.79792,0,1,0,0,0.696622
9.79992,0,1,0,0,0.696764
9.80192,0,1,0,0,0.696906
9.80392,0,1,0,0,0.697048
9.80592,0,1,0,0,0.69719
9.80792,0,1,0,0,0.697332
9.80992,0,1,0,0,0.697474
9.81192,0,1,0,0,0.697615
9.81393,0,1,0,0,0.697757
9.81593,0,1,0,0,0.697899
9.81793,0,1,0,0,0.698041
9.81993,0,1,0,0,0.698183
9.82193,0,1,0,0,0.698325
9.82393,0,1,0,0,0.698467
9.82593,0,1,0,0,0.698609
9.82793,0,1,0,0,0.698751
9.82993,0,1,0,0,0.698893
9.83193,0,1,0,0,0.699035
9.83393,0,1,0,0,0.699176
9.83593,0,1,0,0,0.699318
9.83794,0,1,0,0,0.69946
9.83994,0,1,0,0,0.699602
9.84194,0,1,0,0,0.699744
9.84394,0,1,0,0,0.699886
9.84594,0,1,0,0,0.700028
9.84794,0,1,0,0,0.70017
9.84994,0,1,0,0,0.700312
9.85194,0,1,0,0,0.700454
9.85394,0,1,0,0,0.700595
9.85594,0,1,0,0,0.700737
9.85794,0,1,0,0,0.700879
9.85994,0,1,0,0,0.701021
9.86194,0,1,0,0,0.701163
9.86395,0,1,0,0,0.701305
9.86595,0,1,0,0,0.701447
9.86795,0,1,0,0,0.701589
9.86995,0,1,0,0,0.701731
9.87195,0,1,0,0,0.701873
9.87395,0,1,0,0,0.702014
9.87595,0,1,0,0,0.702156
9.87795,0,1,0,0,0.702298
9.87995,0,1,0,0,0.70244
9.88195,0,1,0,0,0.702582
9.88395,0,1,0,0,0.702724
9.88595,0,1,0,0,0.702866
9.88796,0,1,0,0,0.703008
9.88996,0,1,0,0,0.70315
9.89196,0,1,0,0,0.703292
9.89396,0,1,0,0,0.703433
9.89596,0,1,0,0,0.703575
9.89796,0,1,0,0,0.703717
9.89996,0,1,0,0,0.703859
9.90196,0,1,0,0,0.704001
9.90396,0,1,0,0,0.704143
9.90596,0,1,0,0,0.704285
9.90796,0,1,0,0,0.704427
9.90996,0,1,0,0,0.704569
9.91196,0,1,0,0,0.704711
9.91397,0,1,0,0,0.704852
9.91597,0,1,0,0,0.704994
9.91797,0,1,0,0,0.705136
9.91997,0,1,0,0,0.705278
9.92197,0,1,0,0,0.70542
9.92397,0,1,0,0,0.705562
9.92597,0,1,0,0,0.705704
9.92797,0,1,0,0,0.705846
9.92997,0,1,0,0,0.705988
9.93197,0,1,0,0,0.706129
9.93397,0,1,0,0,0.706271
9.93597,0,1,0,0,0.706413
9.93798,0,1,0,0,0.706555
9.93998,0,1,0,0,0.706697
9.94198,0,1,0,0,0.706839
9.94398,0,1,0,0,0.706981
9.94598,0,1,0,0,0.707123
9.94798,0,1,0,0,0.707265
9.94998,0,1,0,0,0.707407
9.95198,0,1,0,0,0.707548
9.95398,0,1,0,0,0.70769
9.95598,0,1,0,0,0.707832
9.95798,0,1,0,0,0.707974
9.95998,0,1,0,0,0.708116
9.96198,0,1,0,0,0.708258
9.96399,0,1,0,0,0.7084
9.96599,0,1,0,0,0.708542
9.96799,0,1,0,0,0.708684
9.96999,0,1,0,0,0.708825
9.97199,0,1,0,0,0.708967
9.97399,0,1,0,0,0.709109
9.97599,0,1,0,0,0.709251
9.97799,0,1,0,0,0.709393
9.97999,0,1,0,0,0.709535
9.98199,0,1,0,0,0.709677
9.98399,0,1,0,0,0.709819
9.98599,0,1,0,0,0.709961
9.988,0,1,0,0,0.710102
9.99,0,1,0,0,0.710244
9.992,0,1,0,0,0.710386
9.994,0,1,0,0,0.710528
9.996,0,1,0,0,0.71067
9.998,0,1,0,0,0.710812
10,0,1,0,0,0.710954
